Gene Symbol,logFC,logCPM,F,PValue,BH_adjusted_p-value,MAS_Score,MAS_rank,#NAME?,Category
CROCC2,-3.828845798,-1.255727627,114.8426665,4.55E-17,2.79E-13,48.07079158,2,12.55490404,Downregulated
PRSS35,-3.45481855,-1.658820237,114.4838814,1.78E-17,2.55E-13,43.50902219,4,12.59372137,Downregulated
HBB,-4.47160331,8.180025448,78.6156022,3.26E-12,5.04E-10,41.57671519,5,9.297943558,Downregulated
NRCAM,-3.367115581,0.557300255,133.3542886,3.12E-16,4.82E-13,41.47402478,6,12.31737485,Downregulated
ENHO,-3.165045658,-1.046072411,126.7512312,1.27E-16,3.21E-13,39.54046044,7,12.49285625,Downregulated
SLC4A10,-3.646957451,2.46160284,90.46893986,3.12E-13,8.76E-11,36.6789424,9,10.05740892,Downregulated
B3GALT2,-2.847841691,0.537855576,138.7086642,1.34E-16,3.21E-13,35.57767687,15,12.49285625,Downregulated
KLRB1,-2.742453114,5.19807713,122.10111,1.26E-15,1.07E-12,32.83272168,19,11.97202662,Downregulated
HTR3A,-2.613353962,-2.1337479,108.3131536,5.83E-17,2.79E-13,32.81040821,20,12.55490404,Downregulated
CACNA2D3,-3.162181326,1.378481963,94.11168386,1.65E-13,5.50E-11,32.44334554,22,10.25979923,Downregulated
SHISA4,-2.737688201,1.41570432,95.64394427,1.21E-13,4.44E-11,28.34304302,39,10.35291126,Downregulated
ELOVL4,-2.526239467,0.482402576,103.7262727,3.16E-14,1.46E-11,27.3722488,46,10.83517582,Downregulated
HBD,-3.796272045,2.96720356,51.34062426,1.97E-09,7.16E-08,27.12401979,52,7.144909393,Downregulated
NTN4,-2.636076877,-0.382702214,86.33677476,8.22E-13,1.73E-10,25.73083814,62,9.761034805,Downregulated
DNASE1L3,-2.582579794,-0.726847191,78.54330373,3.38E-12,5.16E-10,23.98465454,82,9.287091379,Downregulated
SEZ6L,-2.819084611,0.071526262,66.94855878,4.94E-11,3.87E-09,23.71486392,86,8.412256884,Downregulated
IL23R,-2.501147964,-2.105365716,68.27735107,1.94E-12,3.44E-10,23.66817074,87,9.462923055,Downregulated
IL17RE,-2.079403202,-0.663006377,107.1266211,1.88E-14,9.28E-12,22.9407662,94,11.03237995,Downregulated
FGF9,-2.368307238,-1.84641276,74.50365763,1.15E-12,2.32E-10,22.81577663,97,9.633790864,Downregulated
CD1C,-2.183838296,2.771868875,95.16425522,1.26E-13,4.51E-11,22.59264607,99,10.34538414,Downregulated
DCANP1,-2.649495714,-0.596253189,68.10501253,3.45E-11,3.04E-09,22.56626565,101,8.517192738,Downregulated
GFPT2,-2.466132608,-1.470986684,70.26523949,8.13E-12,1.00E-09,22.19094117,110,8.99827572,Downregulated
RORC,-2.250364704,1.896076662,85.72957061,7.78E-13,1.69E-10,21.99084983,113,9.772127065,Downregulated
LRRN3,-2.86624258,3.256441451,56.9373309,4.64E-10,2.23E-08,21.92949348,114,7.650955167,Downregulated
ANKUB1,-2.764793785,-2.091455608,50.4320514,2.90E-10,1.57E-08,21.57309041,118,7.802784617,Downregulated
HBA2,-3.371103948,7.316247357,41.48515192,3.02E-08,6.23E-07,20.92009093,133,6.205709244,Downregulated
CTTNBP2,-2.697614235,-2.075951602,50.08951565,3.67E-10,1.87E-08,20.84980808,134,7.728980596,Downregulated
RPS3A,-1.720869833,8.711182291,122.8253003,1.13E-15,1.01E-12,20.64215842,138,11.99518873,Downregulated
AJAP1,-2.541283749,-1.588849962,57.22617259,1.60E-10,9.68E-09,20.36632458,144,8.014187549,Downregulated
ADAMTS5,-2.736733794,-0.523177278,54.87611626,8.29E-10,3.64E-08,20.35922703,145,7.439242747,Downregulated
FCER1A,-3.162429371,3.89709042,42.65278231,2.15E-08,4.78E-07,19.98949307,154,6.320929492,Downregulated
ECRG4,-2.419699856,-1.710818068,57.63881309,1.25E-10,8.15E-09,19.57234588,163,8.088749451,Downregulated
NOG,-2.62753203,0.851819164,53.45255518,1.19E-09,4.75E-08,19.24226046,175,7.323320985,Downregulated
RPL21,-1.564618298,8.599295375,126.9545641,5.95E-16,6.65E-13,19.05250084,180,12.17709192,Downregulated
RPS14,-1.520150723,8.157386858,138.4289544,1.09E-16,3.66E-13,18.90597734,183,12.43690975,Downregulated
PARVA,-2.182262805,-1.654858079,62.40874278,5.09E-11,3.96E-09,18.3350429,187,8.401849152,Downregulated
APBA1,-2.038143268,-0.607401604,73.13428971,1.25E-11,1.32E-09,18.10020914,192,8.880734452,Downregulated
ADAM12,-2.051705153,0.416752474,69.53947002,2.55E-11,2.33E-09,17.71311611,200,8.633363365,Downregulated
NDRG2,-1.811625744,2.394356489,85.76353361,7.65E-13,1.69E-10,17.70378256,201,9.772317825,Downregulated
GZMK,-2.076875891,4.855885986,66.62304649,4.53E-11,3.65E-09,17.52408564,210,8.437714413,Downregulated
EHF,-2.217147703,-2.122232721,52.65725262,2.52E-10,1.42E-08,17.40272929,212,7.849151986,Downregulated
LTK,-1.811712671,2.218705496,83.19267932,1.28E-12,2.49E-10,17.40074116,213,9.604581037,Downregulated
RPS27A,-1.394603471,8.734977604,133.1662058,2.34E-16,4.19E-13,17.26163525,214,12.37745037,Downregulated
SCART1,-1.919338357,0.70413254,73.94027928,9.36E-12,1.07E-09,17.21459387,215,8.969025082,Downregulated
COL26A1,-2.918287831,-1.774278081,35.1542169,7.85E-08,1.35E-06,17.12589161,222,5.868472405,Downregulated
RPS6,-1.46558857,9.580432753,116.0668156,3.32E-15,2.44E-12,17.02004998,226,11.61311594,Downregulated
RPL9,-1.443869701,8.340262802,118.355268,2.29E-15,1.83E-12,16.94882874,228,11.73847524,Downregulated
DAB1,-1.988079276,-0.872823956,68.02476987,3.62E-11,3.13E-09,16.90739636,229,8.504387408,Downregulated
KRT5,-2.786292149,-0.833850028,39.89310267,4.45E-08,8.57E-07,16.90450867,230,6.067026632,Downregulated
TIFAB,-2.476544918,0.321114028,48.06455697,5.10E-09,1.52E-07,16.8831208,231,6.817207583,Downregulated
RPL34,-1.355724785,7.56163432,126.872467,6.03E-16,6.65E-13,16.50878533,239,12.17709192,Downregulated
RPS12,-1.600724308,8.965345707,93.02890625,1.87E-13,5.96E-11,16.36695256,242,10.2247167,Downregulated
HBA1,-2.984545779,6.661302405,34.37679404,2.62E-07,3.53E-06,16.27112699,245,5.451793404,Downregulated
DKK3,-2.159194127,-0.742197242,54.58850968,9.17E-10,3.86E-08,16.00795074,254,7.413854333,Downregulated
SOAT2,-1.93964392,-1.730472783,59.6099162,1.06E-10,7.14E-09,15.80142854,263,8.14656153,Downregulated
NAT8L,-2.20209875,-2.257494787,44.56172356,2.44E-09,8.52E-08,15.56769958,271,7.069482958,Downregulated
NCR3,-1.581807644,3.447516548,85.40015266,8.19E-13,1.73E-10,15.44007946,274,9.761034805,Downregulated
GPR15,-2.316092548,3.106836435,46.05090109,8.21E-09,2.27E-07,15.38615994,276,6.643154201,Downregulated
COL5A1,-1.881439436,-1.284491618,61.58152055,1.28E-10,8.26E-09,15.20778814,281,8.083060152,Downregulated
TOMM7,-1.233866346,6.159425787,130.7380233,3.36E-16,4.82E-13,15.1979943,283,12.31737485,Downregulated
RPL30,-1.200766012,9.061105731,135.3482224,1.70E-16,3.48E-13,14.9600966,293,12.45879418,Downregulated
CXCR6,-1.904949661,2.94708004,58.56185436,3.10E-10,1.64E-08,14.83154193,296,7.785792051,Downregulated
RPS23,-1.309156621,8.861736377,108.959868,1.08E-14,5.97E-12,14.69408517,298,11.22408498,Downregulated
CD1E,-2.218389289,-0.661296613,45.11505204,1.15E-08,2.92E-07,14.49560521,304,6.534292821,Downregulated
EEF1A1,-1.296295451,12.46706625,107.8263155,1.31E-14,6.97E-12,14.46214708,305,11.15652073,Downregulated
RPS15A,-1.312815843,7.679612872,105.2683187,2.04E-14,9.76E-12,14.454933,307,11.01063267,Downregulated
WNT10B,-1.604391389,0.654795316,73.3375835,1.06E-11,1.16E-09,14.33595459,311,8.935447227,Downregulated
HLF,-1.741577836,-0.207401362,64.56886895,8.36E-11,5.88E-09,14.33473443,312,8.230889329,Downregulated
TTC9,-1.538897799,4.261142017,79.04148637,2.99E-12,4.89E-10,14.32831297,313,9.310763183,Downregulated
SPON1,-1.976561496,0.382337849,52.24605523,1.64E-09,6.15E-08,14.25274436,317,7.21087828,Downregulated
ID3,-1.722830444,2.325739001,63.76107743,8.85E-11,6.11E-09,14.15181067,323,8.214279424,Downregulated
RPL5,-1.250709792,8.910329902,110.6704549,8.10E-15,4.85E-12,14.1507828,324,11.31420165,Downregulated
RPS20,-1.312028828,8.454566549,101.2766054,4.12E-14,1.85E-11,14.08244447,328,10.73333464,Downregulated
CACNG6,-2.647697427,-0.397078399,33.0234674,4.26E-07,5.23E-06,13.98326397,331,5.281292278,Downregulated
PMP22,-2.253928396,-0.635740671,40.53406613,4.26E-08,8.25E-07,13.71175455,342,6.083491637,Downregulated
RPS25,-1.136386228,8.437163461,122.9575605,1.10E-15,1.01E-12,13.63116727,347,11.99518873,Downregulated
NELL2,-2.172460092,5.115745279,42.07306961,2.54E-08,5.49E-07,13.60015796,348,6.260256752,Downregulated
RPL6,-1.158844078,9.183047176,115.2973972,3.76E-15,2.57E-12,13.4311947,353,11.59016554,Downregulated
PFN2,-1.711256657,1.020146615,58.64081511,3.11E-10,1.64E-08,13.32348848,355,7.785792051,Downregulated
TPPP3,-2.329530962,1.814647819,36.57074557,1.33E-07,2.07E-06,13.24226417,357,5.684519498,Downregulated
RPL32,-1.263707901,9.030838674,97.24918146,8.54E-14,3.40E-11,13.22890558,360,10.46832545,Downregulated
ZNF502,-1.52054433,1.013214493,69.4173225,2.46E-11,2.26E-09,13.14542467,363,8.645209756,Downregulated
RPS27,-1.268367853,9.22046277,94.4068352,1.44E-13,4.93E-11,13.07307137,369,10.30700308,Downregulated
RPL7,-1.176507773,9.023787614,106.5207294,1.64E-14,8.42E-12,13.02968678,371,11.07488372,Downregulated
RPS4Y2,-2.002721037,-1.868129493,41.41169937,1.51E-08,3.61E-07,12.90255133,379,6.442510512,Downregulated
VMO1,-2.076903208,-1.927252155,38.11930928,3.87E-08,7.59E-07,12.70997852,387,6.119677832,Downregulated
GALNT12,-1.457330414,2.085128367,70.2807395,1.99E-11,1.95E-09,12.69325923,388,8.709939147,Downregulated
CLEC4F,-2.664388345,-0.496034425,28.24951728,2.03E-06,1.78E-05,12.65540818,391,4.749836187,Downregulated
RPL26,-1.179999807,8.398970757,100.9119308,4.40E-14,1.91E-11,12.64772447,394,10.71841232,Downregulated
RPL39,-1.269676842,7.132593778,87.39262088,5.52E-13,1.30E-10,12.55251942,400,9.886389203,Downregulated
RPL23A,-1.174492242,8.682392034,100.3147439,4.90E-14,2.07E-11,12.54934527,401,10.68491116,Downregulated
PID1,-2.48954767,3.349449432,30.14458901,1.04E-06,1.04E-05,12.40376815,410,4.982338078,Downregulated
RPL10,-1.242905264,9.519786641,88.84359487,4.16E-13,1.09E-10,12.3846961,412,9.964312216,Downregulated
RPL17,-1.085667811,7.271295178,112.1855047,6.29E-15,4.10E-12,12.36278649,415,11.38726447,Downregulated
TPT1,-1.223657515,10.87886246,91.1361112,2.68E-13,8.00E-11,12.35504383,416,10.09681522,Downregulated
CYSLTR2,-1.894003872,2.99361781,44.54355975,1.25E-08,3.14E-07,12.31626815,418,6.502768199,Downregulated
CLIC5,-1.564520186,1.746514771,59.6955773,2.36E-10,1.35E-08,12.31085863,420,7.868775829,Downregulated
WNT1,-1.527815716,-0.599899855,61.96484278,1.57E-10,9.60E-09,12.24952785,426,8.017673677,Downregulated
RPL13A,-1.221544382,10.05604735,89.59712606,3.60E-13,9.74E-11,12.22955307,428,10.01155034,Downregulated
SLC4A3,-1.957767313,-1.260461905,41.41599763,2.80E-08,5.89E-07,12.1961438,429,6.229618668,Downregulated
RPS10,-1.273905605,6.997682444,81.9866363,1.63E-12,2.99E-10,12.13246558,433,9.52383405,Downregulated
SYCP2L,-2.194536526,-1.479164604,33.79658071,2.44E-07,3.34E-06,12.01804245,440,5.476346514,Downregulated
GPR183,-1.538578003,5.354146642,58.72163909,2.97E-10,1.60E-08,11.99578695,441,7.796671297,Downregulated
TC2N,-1.692840704,6.13838559,50.40975891,2.50E-09,8.71E-08,11.95135814,446,7.059942562,Downregulated
RPS18,-1.307149554,8.73316804,75.88129043,5.82E-12,8.18E-10,11.87823365,451,9.087126724,Downregulated
RPS3,-1.1768247,9.184623389,90.58425966,2.98E-13,8.65E-11,11.8423165,454,10.06294014,Downregulated
FGFR2,-2.290639502,-0.420412725,31.69627629,6.59E-07,7.35E-06,11.75890429,456,5.13345914,Downregulated
RPS13,-1.129531139,7.809190992,95.71460367,1.13E-13,4.27E-11,11.71222765,458,10.3691056,Downregulated
NSG1,-1.9610329,2.891250571,39.13418966,6.06E-08,1.10E-06,11.68629658,461,5.959255748,Downregulated
RPL19,-1.119619002,9.626527764,95.01050463,1.29E-13,4.51E-11,11.58288866,463,10.34538414,Downregulated
CACNB4,-1.760587932,1.02382319,44.37928032,1.33E-08,3.29E-07,11.41427549,468,6.483218067,Downregulated
HLA-DPB1,-1.481535115,7.230820256,57.22908186,4.31E-10,2.12E-08,11.37027623,477,7.674658609,Downregulated
NT5E,-1.779792678,2.978107095,42.73877633,2.10E-08,4.68E-07,11.26538527,484,6.329605354,Downregulated
PLLP,-1.7694255,-1.416512059,42.58776776,1.90E-08,4.32E-07,11.26066063,485,6.364020765,Downregulated
RPS7,-1.129732341,7.936761325,88.91896696,4.10E-13,1.09E-10,11.25700576,486,9.964312216,Downregulated
RNF17,-2.429504108,-0.520574102,27.23024585,2.91E-06,2.35E-05,11.2460395,487,4.628944425,Downregulated
SLC35F3,-2.097217045,-1.158622851,33.39931395,3.39E-07,4.36E-06,11.24200428,488,5.360439114,Downregulated
ZNF662,-1.692237297,-0.09678423,46.21231764,8.49E-09,2.33E-07,11.22439539,489,6.632873186,Downregulated
RPS10-NUDT3,-1.147575946,7.16556911,84.95129319,8.95E-13,1.83E-10,11.17336678,494,9.736494406,Downregulated
KIT,-1.694419361,1.474104658,44.08155304,1.44E-08,3.47E-07,10.94545637,515,6.459709219,Downregulated
RPL15,-1.027385223,9.11541888,99.16743118,6.02E-14,2.47E-11,10.89821501,518,10.60772022,Downregulated
EEF1B2,-1.214232799,7.684645669,73.71856546,9.27E-12,1.07E-09,10.89125504,519,8.969659729,Downregulated
FBLN2,-1.689538171,0.255510906,43.98003857,1.54E-08,3.64E-07,10.87809119,522,6.438499808,Downregulated
RPL31,-1.130547832,8.334388252,83.24042429,1.26E-12,2.49E-10,10.85678038,526,9.603114594,Downregulated
ADAT2,-1.195056278,3.043074401,75.29807404,6.60E-12,8.85E-10,10.81904698,528,9.053169448,Downregulated
SH2D1A,-1.632849214,4.898945488,45.63582075,9.21E-09,2.48E-07,10.78618907,530,6.60574717,Downregulated
PLXDC1,-1.778969649,2.024847952,39.78051857,5.00E-08,9.46E-07,10.71689617,533,6.024215293,Downregulated
RPL11,-1.051767211,9.395340172,92.43420539,2.09E-13,6.52E-11,10.71276312,535,10.18548877,Downregulated
TEF,-1.359276285,2.882117189,59.77361564,2.30E-10,1.33E-08,10.70407833,536,7.874836367,Downregulated
OVGP1,-1.320664405,0.725679551,61.99665089,1.39E-10,8.79E-09,10.63913465,545,8.055895663,Downregulated
RPL10A,-1.133816832,8.54746753,78.39451928,3.42E-12,5.16E-10,10.52986053,548,9.287091379,Downregulated
RPL4,-1.097872866,10.15757372,81.64723285,1.74E-12,3.14E-10,10.43381275,559,9.503662101,Downregulated
PPP1R17,-2.303592312,-1.618933703,25.22307016,4.31E-06,3.23E-05,10.34509984,568,4.490855342,Downregulated
RPL35A,-1.07331338,7.824093404,83.21250269,1.27E-12,2.49E-10,10.30872534,572,9.604581037,Downregulated
FAM110C,-1.516363449,-0.831473225,47.76424741,5.67E-09,1.66E-07,10.28129991,575,6.780234592,Downregulated
SPEF2,-1.502819321,1.672731389,47.25148606,5.92E-09,1.72E-07,10.16501917,579,6.76396625,Downregulated
RPS8,-1.125374478,8.513541166,74.39409075,8.01E-12,9.99E-10,10.12892174,582,9.000490006,Downregulated
STMN3,-1.419302355,3.847152162,49.82674234,2.92E-09,9.80E-08,9.947418409,591,7.008667584,Downregulated
IL24,-1.447113641,3.653147282,48.29109166,4.43E-09,1.37E-07,9.932347017,592,6.863557037,Downregulated
SLC16A10,-1.708404481,1.121722485,37.67012841,9.53E-08,1.58E-06,9.91314193,594,5.802573126,Downregulated
COQ10A,-1.173100032,2.124380647,66.65596553,4.51E-11,3.65E-09,9.898283047,597,8.437714413,Downregulated
RPL12,-1.128537492,8.906755636,70.54000581,1.87E-11,1.85E-09,9.856566793,600,8.733929414,Downregulated
NUDT11,-1.492403647,-1.06018222,45.78823073,9.41E-09,2.51E-07,9.849471494,602,6.599736952,Downregulated
TENM4,-2.203383319,-1.894065641,24.66378718,4.62E-06,3.41E-05,9.84223101,603,4.466871891,Downregulated
CDHR3,-1.536518857,-0.520126783,43.4447136,1.88E-08,4.30E-07,9.782218748,607,6.366481416,Downregulated
IMMP2L,-1.289841258,0.774039576,56.30152304,5.58E-10,2.62E-08,9.778543043,608,7.581198836,Downregulated
IL23A,-1.317996462,1.472495357,54.20387009,9.35E-10,3.92E-08,9.761952171,609,7.406660378,Downregulated
MRFAP1L2,-1.120097723,3.591138522,69.77980279,2.21E-11,2.13E-09,9.713183462,614,8.671728601,Downregulated
GCNT4,-1.82045687,3.136718821,32.7412526,4.42E-07,5.37E-06,9.593625966,621,5.269900169,Downregulated
HLA-DPA1,-1.406127417,7.971728577,47.52634137,5.46E-09,1.60E-07,9.554419406,626,6.794846105,Downregulated
RPLP2,-1.157922854,8.409895199,64.19910523,7.96E-11,5.71E-09,9.545476871,628,8.243620758,Downregulated
DBNDD1,-1.73683279,0.738825873,34.71057941,2.40E-07,3.30E-06,9.520904354,633,5.481762211,Downregulated
RPS17,-1.070876901,8.283983784,72.48229964,1.21E-11,1.30E-09,9.515971866,635,8.886149149,Downregulated
MYBL1,-1.782522457,4.656267781,33.32340542,3.67E-07,4.64E-06,9.50729622,637,5.333619322,Downregulated
DSC1,-1.920267663,0.482759223,29.80113086,1.19E-06,1.16E-05,9.475051288,640,4.934234675,Downregulated
CLEC10A,-1.899095063,3.396394845,30.06445655,1.07E-06,1.06E-05,9.446935642,645,4.974440629,Downregulated
CD8B,-1.747340068,4.928387868,33.92135115,3.03E-07,3.97E-06,9.437460335,647,5.401043855,Downregulated
VSIG1,-1.722465242,2.672694868,34.50922884,2.52E-07,3.43E-06,9.413625677,650,5.465205015,Downregulated
CFAP36,-1.107517748,3.293378523,67.41137459,3.78E-11,3.23E-09,9.40381758,652,8.490895607,Downregulated
CRIP2,-1.832340288,1.310687876,30.87476527,8.19E-07,8.68E-06,9.274255211,663,5.06142624,Downregulated
RPL22,-1.016676566,7.911693216,76.20092239,5.43E-12,7.72E-10,9.2644198,665,9.112455338,Downregulated
AK5,-1.727080471,2.22087829,33.56404509,3.40E-07,4.37E-06,9.256775564,666,5.359782431,Downregulated
LAMA2,-1.496036228,-0.139037145,41.44682743,3.26E-08,6.62E-07,9.24451807,669,6.179341046,Downregulated
OLFM2,-1.499678583,2.028730594,40.99464094,3.49E-08,6.98E-07,9.232327931,670,6.156204425,Downregulated
CSMD1,-2.146617012,-2.135236228,22.99684564,7.66E-06,5.11E-05,9.21198148,672,4.291394986,Downregulated
EPHA4,-1.493924301,3.074846382,41.05417396,3.43E-08,6.88E-07,9.206078348,674,6.162345936,Downregulated
EEF1G,-1.048686583,9.753746832,70.67573056,1.81E-11,1.80E-09,9.169768328,679,8.744050391,Downregulated
TMEM30B,-1.593490542,0.63307186,37.26607496,1.09E-07,1.77E-06,9.16668153,680,5.752579818,Downregulated
UBA52,-1.410131421,9.468541585,44.31560078,1.34E-08,3.29E-07,9.142189506,684,6.483218067,Downregulated
C2orf15,-1.219093309,-0.224816552,55.59876927,7.16E-10,3.23E-08,9.132059205,686,7.490861559,Downregulated
NMT2,-1.436104938,3.740678095,42.91906498,1.99E-08,4.51E-07,9.113495073,687,6.345981295,Downregulated
TMC5,-1.911589522,3.130356231,28.29940086,1.93E-06,1.71E-05,9.111379696,688,4.766389222,Downregulated
CAMK2N1,-1.584903816,0.508881809,37.13503634,1.14E-07,1.83E-06,9.094545156,689,5.738231597,Downregulated
RPL27A,-1.07213954,8.69538489,67.15175729,4.01E-11,3.34E-09,9.087047212,691,8.475619891,Downregulated
CLIC6,-1.719993387,-1.803710009,31.83698853,4.29E-07,5.26E-06,9.080210662,694,5.279212541,Downregulated
TCTN1,-1.03261134,4.022218571,71.23036078,1.60E-11,1.62E-09,9.077989926,696,8.791294049,Downregulated
HLA-DRA,-1.331257674,9.30767689,47.79156444,5.07E-09,1.52E-07,9.076938267,697,6.818318078,Downregulated
RPL3,-1.14289226,10.17055511,60.4760674,1.94E-10,1.15E-08,9.074962786,698,7.94034845,Downregulated
RPL13,-1.13390496,9.183489021,61.06868027,1.68E-10,1.01E-08,9.066031014,699,7.995406437,Downregulated
IL11RA,-1.28713713,3.315970722,50.09345897,2.72E-09,9.35E-08,9.047702976,702,7.029323267,Downregulated
TMEM42,-1.024754933,2.066286802,71.56481462,1.49E-11,1.53E-09,9.033017123,704,8.814807159,Downregulated
RPL18A,-1.085477797,8.415573334,64.7884522,6.93E-11,5.15E-09,8.99657719,710,8.288126406,Downregulated
WNT7A,-1.753687469,-0.019515335,31.56146817,6.79E-07,7.50E-06,8.987110018,711,5.124693069,Downregulated
CTSF,-1.391053011,2.193595615,44.08857436,1.43E-08,3.47E-07,8.985658841,712,6.459609209,Downregulated
ZNF577,-1.1904651,2.185025961,55.8391662,6.13E-10,2.83E-08,8.985122002,713,7.547572794,Downregulated
COL6A2,-1.610203544,3.349604885,35.34666584,1.93E-07,2.75E-06,8.953458442,718,5.560451333,Downregulated
PROCR,-1.330995279,-0.126739573,46.92950483,6.92E-09,1.97E-07,8.924095762,722,6.704829012,Downregulated
RCAN3,-1.428817625,6.13432427,41.77862711,2.77E-08,5.84E-07,8.906419423,725,6.233419343,Downregulated
KCNK10,-1.983449589,-1.649014158,25.37387199,4.33E-06,3.24E-05,8.904716451,726,4.489509842,Downregulated
MXRA8,-1.218637508,0.366203293,53.03220896,1.31E-09,5.15E-08,8.881471472,730,7.2880339,Downregulated
RLN2,-1.50000597,-1.113155422,38.81462157,6.93E-08,1.22E-06,8.870381473,732,5.913564114,Downregulated
PRSS1,-1.679284003,1.203104763,32.82791848,4.34E-07,5.30E-06,8.859900251,733,5.275998719,Downregulated
DUSP2,-1.417744155,2.833025449,41.9589488,2.63E-08,5.64E-07,8.858599918,734,6.248376962,Downregulated
EEIG1,-1.416253241,6.214333015,42.00090325,2.60E-08,5.59E-07,8.855082315,735,6.252471,Downregulated
ADAM23,-1.570246437,0.638769509,36.04192784,1.59E-07,2.36E-06,8.836288032,738,5.627325637,Downregulated
ZMAT4,-1.829889336,-1.733108403,28.08132489,1.62E-06,1.48E-05,8.83562001,739,4.828499647,Downregulated
KLHL3,-1.459889608,2.306316094,39.84720402,4.90E-08,9.28E-07,8.80650461,742,6.03230858,Downregulated
FOLR2,-1.435066132,0.815971403,40.73179578,3.83E-08,7.51E-07,8.788489768,744,6.124100885,Downregulated
SLC25A26,-1.033969901,3.604236327,67.17045781,4.00E-11,3.34E-09,8.763535861,750,8.475619891,Downregulated
CD8B2,-1.679530244,2.327408467,32.2123149,5.26E-07,6.16E-06,8.751578538,751,5.210729947,Downregulated
TMEM67,-1.166424354,0.51903096,55.43941415,7.00E-10,3.17E-08,8.747011393,753,7.49899585,Downregulated
ZNF853,-1.354888649,1.782335403,43.85582134,1.53E-08,3.63E-07,8.72553925,755,6.440041591,Downregulated
OTUD7A,-1.320160051,-0.102660465,45.91086516,9.14E-09,2.47E-07,8.722918978,756,6.607470794,Downregulated
SMKR1,-1.360963004,-0.638118379,43.83865723,1.69E-08,3.92E-07,8.718549759,757,6.406162204,Downregulated
SYBU,-1.329123253,-1.313427038,45.08047135,1.08E-08,2.78E-07,8.713982319,759,6.556188296,Downregulated
KLHL33,-1.693094137,-1.006690162,31.68872535,6.44E-07,7.23E-06,8.704372508,761,5.141103684,Downregulated
SCGB3A2,-1.802259419,-2.288803847,26.8739051,1.61E-06,1.48E-05,8.703336383,762,4.829125204,Downregulated
DMKN,-1.450211793,-1.541724602,39.05539884,5.44E-08,1.01E-06,8.696809332,763,5.996923602,Downregulated
NR1D1,-1.106501737,2.846938235,59.53081744,2.44E-10,1.39E-08,8.694207646,764,7.857382738,Downregulated
AZIN2,-1.195027665,0.373237156,52.83004336,1.38E-09,5.36E-08,8.688613285,765,7.270637773,Downregulated
LBH,-1.378361414,7.160080672,42.43162635,2.29E-08,5.05E-07,8.679283629,766,6.296812679,Downregulated
EIF3L,-1.026265049,7.93514999,66.66474885,4.49E-11,3.66E-09,8.658643405,767,8.437044026,Downregulated
PLD4,-1.675111212,2.962461784,31.67060452,6.27E-07,7.07E-06,8.627492738,769,5.15039997,Downregulated
CYP2U1,-1.358894444,2.623661101,42.94378501,1.98E-08,4.49E-07,8.625736927,770,6.347613653,Downregulated
LDB2,-1.600150562,-0.926984024,33.69567611,3.43E-07,4.40E-06,8.571504003,775,5.35668593,Downregulated
ENPP3,-1.860848338,-0.43264613,26.93403424,3.25E-06,2.57E-05,8.541504112,777,4.590112981,Downregulated
SH3YL1,-1.36390205,3.989581328,42.08128382,2.54E-08,5.49E-07,8.538784725,781,6.260555678,Downregulated
HLA-DMB,-1.291939897,5.89801461,45.51725432,9.52E-09,2.54E-07,8.520835251,783,6.595380536,Downregulated
SLC44A5,-2.121805378,-1.270019492,22.069804,1.67E-05,9.68E-05,8.517065981,784,4.014065602,Downregulated
ANXA2R,-1.214785541,3.154674469,49.71673767,3.01E-09,9.98E-08,8.504424988,788,7.000762439,Downregulated
PSTK,-1.028284615,0.472321888,64.12936489,8.44E-11,5.91E-09,8.461258529,793,8.228518065,Downregulated
PER3,-1.30387015,2.677876723,43.85599388,1.52E-08,3.63E-07,8.396852564,804,6.439945391,Downregulated
RLN1,-1.465114933,-0.641488644,37.21893619,1.17E-07,1.87E-06,8.394073136,805,5.729293278,Downregulated
DPH6,-1.044032082,2.033933907,61.37882902,1.56E-10,9.64E-09,8.369039417,808,8.016074948,Downregulated
TMEM171,-1.724470475,-1.566399707,28.56552749,1.53E-06,1.41E-05,8.363733829,810,4.850030169,Downregulated
IGIP,-1.23575238,3.106558062,47.1908107,5.99E-09,1.74E-07,8.353501325,811,6.759850484,Downregulated
P3H2,-1.781508144,-0.752187555,27.77096711,2.43E-06,2.05E-05,8.352097753,813,4.688217554,Downregulated
CKMT2,-1.466592986,1.542424976,36.6367932,1.30E-07,2.03E-06,8.34836987,814,5.692356331,Downregulated
ERBB3,-1.511441557,-1.874864663,33.78579396,2.22E-07,3.09E-06,8.328587814,816,5.510360475,Downregulated
PRSS33,-2.460794808,1.717493908,17.58771533,0.000100119,0.000413864,8.325219144,817,3.383142356,Downregulated
ITGB8,-1.689396234,-0.558585368,29.76006307,1.25E-06,1.21E-05,8.30964278,821,4.918705637,Downregulated
ADGRG6,-1.477004144,-1.049905715,36.08617272,1.61E-07,2.38E-06,8.305209847,823,5.623010525,Downregulated
CNTNAP2,-1.907076595,1.308441509,24.90014191,6.37E-06,4.44E-05,8.300741741,824,4.352600082,Downregulated
FIGNL2,-1.265770545,-0.994307081,45.42430701,1.07E-08,2.77E-07,8.299847651,825,6.557150254,Downregulated
RPS29,-1.113813019,6.6168177,54.74543618,8.07E-10,3.56E-08,8.296236201,826,7.448499934,Downregulated
PKIB,-1.459159926,-1.426879622,36.31090558,1.34E-07,2.08E-06,8.290866793,829,5.681945239,Downregulated
DYRK2,-1.379511982,5.905148066,39.44465998,5.51E-08,1.02E-06,8.267188814,832,5.992835816,Downregulated
KANK3,-1.138186488,-0.209200303,52.90072716,1.42E-09,5.49E-08,8.264086549,833,7.260749126,Downregulated
KCNK17,-1.907067852,-2.486851985,22.71172892,7.03E-06,4.78E-05,8.240416363,838,4.320987508,Downregulated
KIF5C,-1.434260943,2.36202134,36.81253672,1.23E-07,1.94E-06,8.193390474,845,5.712621901,Downregulated
CCR6,-1.43987666,3.892343006,36.46097689,1.37E-07,2.10E-06,8.174065412,849,5.676920559,Downregulated
PLAAT5,-1.692779168,-0.75158188,28.77009106,1.73E-06,1.56E-05,8.134937049,851,4.8056694,Downregulated
EID3,-1.256326032,1.131440552,44.08401248,1.44E-08,3.47E-07,8.115382719,854,6.459615192,Downregulated
SPTSSB,-1.630431157,0.4184852,30.13913146,1.06E-06,1.06E-05,8.111232692,855,4.974900446,Downregulated
DBH,-1.56641695,-1.689991611,30.96678924,6.47E-07,7.25E-06,8.051194899,864,5.139879837,Downregulated
TMEM117,-1.03889757,0.506810296,57.88146403,3.79E-10,1.92E-08,8.017993172,867,7.717789901,Downregulated
CYP2E1,-1.47327835,-0.945727922,34.35804136,2.80E-07,3.71E-06,8.000247191,869,5.430234682,Downregulated
FAM178B,-1.544391188,-2.243275027,29.98052584,5.77E-07,6.63E-06,7.997805018,871,5.178613476,Downregulated
DYNC2H1,-1.264149168,0.738489985,42.74126295,2.14E-08,4.75E-07,7.993636933,872,6.32333362,Downregulated
H2BK1,-1.167284065,-1.699270818,47.22698726,4.70E-09,1.42E-07,7.992255825,873,6.846881632,Downregulated
SPATA7,-1.125636262,0.585781339,50.69747753,2.38E-09,8.40E-08,7.964558481,875,7.075605816,Downregulated
TNFRSF25,-1.480926227,3.30685039,33.64767537,3.31E-07,4.26E-06,7.95327412,876,5.370472869,Downregulated
COLQ,-1.389737205,2.742884223,36.86877799,1.21E-07,1.91E-06,7.949203038,877,5.719932522,Downregulated
NR1D2,-1.335344339,5.071721744,38.93778459,6.42E-08,1.15E-06,7.932746236,879,5.940599743,Downregulated
ISM1,-1.712386931,0.002098677,27.13385779,2.99E-06,2.40E-05,7.90973908,882,4.619130721,Downregulated
PTGDR2,-1.82412777,2.773769061,24.63994039,6.96E-06,4.74E-05,7.88807987,885,4.324302277,Downregulated
ZNF541,-1.466498235,-2.15695117,31.92335252,3.24E-07,4.19E-06,7.885846239,886,5.377330876,Downregulated
RPSA,-1.064266607,8.88238007,54.09823854,9.52E-10,3.96E-08,7.878066151,887,7.402342701,Downregulated
EPHA2,-1.927176848,-0.865909446,22.78374789,1.40E-05,8.39E-05,7.85593824,889,4.076397165,Downregulated
EFHD1,-1.627748586,-0.965965599,28.54500871,1.85E-06,1.65E-05,7.784134695,898,4.782148031,Downregulated
KDF1,-1.447074869,-0.601761009,33.91931506,3.25E-07,4.20E-06,7.781181587,900,5.377179685,Downregulated
NLGN4Y,-1.7325409,-1.393669155,25.73695944,4.44E-06,3.30E-05,7.763767214,901,4.48114513,Downregulated
PLEKHA1,-1.328387312,4.802635704,38.02417095,8.46E-08,1.43E-06,7.762969893,902,5.843905482,Downregulated
MARCHF9,-1.042489338,3.474104793,54.62427422,8.32E-10,3.63E-08,7.756294949,903,7.440167174,Downregulated
SOX8,-1.646891944,-0.353642821,27.92880206,2.30E-06,1.97E-05,7.7493665,909,4.705449272,Downregulated
CYB561,-1.039689161,3.696600677,54.62675784,8.32E-10,3.63E-08,7.735461167,913,7.440167174,Downregulated
RPSA2,-1.061858426,5.023024869,52.69646774,1.37E-09,5.34E-08,7.722573768,914,7.272696226,Downregulated
CUX2,-1.840044573,-0.227097413,23.59953862,1.05E-05,6.60E-05,7.691885752,920,4.180271426,Downregulated
PASK,-1.198834338,4.219277522,43.50345292,1.68E-08,3.92E-07,7.680387908,921,6.406546478,Downregulated
EPHX2,-1.429583094,3.098674916,33.55693897,3.40E-07,4.37E-06,7.662254348,924,5.359782431,Downregulated
ADGRA3,-1.35560124,0.516245978,36.17925537,1.52E-07,2.28E-06,7.64879383,927,5.642362669,Downregulated
RPS16,-1.030828113,8.202444951,54.02687257,9.70E-10,4.01E-08,7.624908142,933,7.396876403,Downregulated
HLA-DQB2,-1.881312084,2.511036888,22.38849945,1.58E-05,9.27E-05,7.587351577,937,4.0330106,Downregulated
CCR3,-1.90703819,4.040265924,21.96583231,1.85E-05,0.00010523,7.585933315,938,3.977861247,Downregulated
SKAP1,-1.364796942,5.260305075,35.23921356,2.00E-07,2.83E-06,7.571971679,939,5.548057332,Downregulated
IRAK1BP1,-1.196786453,0.860211859,42.72780692,2.14E-08,4.75E-07,7.567680016,940,6.32333362,Downregulated
SMIM10L2A,-1.507534256,-0.916159548,30.56603025,9.48E-07,9.76E-06,7.553366719,943,5.010411332,Downregulated
FXYD7,-1.317071461,-0.420514978,37.20902073,1.16E-07,1.86E-06,7.54759776,945,5.730590926,Downregulated
OLFM1,-2.243889471,0.439434446,17.42718053,0.000107963,0.000439325,7.53321797,948,3.357214367,Downregulated
CDC14A,-1.043665808,4.756148904,52.00967162,1.64E-09,6.15E-08,7.525747109,949,7.21087828,Downregulated
ANO9,-1.261793037,3.608586984,38.92582823,6.44E-08,1.15E-06,7.494384938,956,5.939472417,Downregulated
SPAG16,-1.284318517,1.248674987,37.91235468,8.82E-08,1.49E-06,7.485036022,960,5.82802157,Downregulated
FSBP,-1.355277166,-0.326150371,35.09153588,2.22E-07,3.09E-06,7.467697765,964,5.510088973,Downregulated
PKIA,-1.232099799,3.204426827,39.98698259,4.69E-08,8.96E-07,7.451093901,967,6.047475951,Downregulated
REG4,-1.89758544,-0.529312016,21.59097583,2.20E-05,0.0001207,7.435297768,974,3.918294065,Downregulated
GSTA4,-1.237805797,-0.362787776,39.66728132,5.55E-08,1.02E-06,7.415311392,976,5.990690468,Downregulated
TBC1D4,-1.472610448,4.80405433,30.61913378,8.86E-07,9.22E-06,7.415039007,977,5.035302457,Downregulated
MAMDC2,-1.058197535,0.632628682,49.64751226,3.15E-09,1.03E-07,7.391693935,983,6.985174026,Downregulated
ZNF529,-1.070857319,3.86916284,48.60735536,4.06E-09,1.27E-07,7.383848187,985,6.895267985,Downregulated
CCDC65,-1.285370879,2.492146268,37.0482781,1.14E-07,1.83E-06,7.375419828,987,5.737970222,Downregulated
P2RX6,-1.442085915,-1.784700785,30.55045751,7.19E-07,7.82E-06,7.364201364,988,5.106631505,Downregulated
CD96,-1.352935888,6.067312997,34.18020691,2.79E-07,3.71E-06,7.347525039,990,5.430800603,Downregulated
ZNF10,-1.085722901,2.113100866,47.17869229,6.02E-09,1.74E-07,7.337817787,994,6.758462751,Downregulated
KLRG1,-1.630231454,4.392392158,25.94664327,4.37E-06,3.26E-05,7.314500289,996,4.486786382,Downregulated
CD3E,-1.439031539,7.804894778,31.05415424,7.67E-07,8.27E-06,7.314184406,997,5.082713067,Downregulated
ZIK1,-1.211009971,2.458196747,39.8463797,4.90E-08,9.28E-07,7.305185841,998,6.03230858,Downregulated
FBLN5,-1.572462062,2.701961236,27.26917056,2.76E-06,2.26E-05,7.304920264,999,4.645530369,Downregulated
CD52,-1.102292817,7.47662287,45.56874959,9.39E-09,2.51E-07,7.275160168,1005,6.600025014,Downregulated
FAM24B,-1.042976625,0.384622331,49.56042564,3.26E-09,1.06E-07,7.274952635,1006,6.975182821,Downregulated
ZNF571,-1.275015656,1.111883363,36.68261908,1.29E-07,2.01E-06,7.262390726,1007,5.695922785,Downregulated
RBMS3,-1.520394745,-1.669742086,27.72523668,2.02E-06,1.77E-05,7.223467119,1014,4.751047149,Downregulated
ZNF32,-1.159438781,3.096434434,41.73754255,2.80E-08,5.89E-07,7.223198067,1015,6.229908973,Downregulated
ABLIM2,-1.301828446,-0.926782102,35.44041554,2.01E-07,2.84E-06,7.220196661,1017,5.546196725,Downregulated
NEURL1,-1.576007493,1.199266119,26.70340536,3.37E-06,2.64E-05,7.215795726,1018,4.578528819,Downregulated
ACKR3,-1.235280784,1.474765342,37.92396735,8.76E-08,1.48E-06,7.201739913,1021,5.830042858,Downregulated
LOC107986373,-1.032207699,-0.59011604,49.49112936,3.58E-09,1.15E-07,7.162607676,1027,6.939114758,Downregulated
DPY19L2,-1.472675777,-0.419755413,29.15860616,1.52E-06,1.41E-05,7.145200306,1035,4.851848872,Downregulated
RPS4X,-1.068798089,9.443393846,46.35237624,7.54E-09,2.14E-07,7.128749283,1037,6.669874655,Downregulated
CDK20,-1.215331411,0.374356242,38.31246289,7.97E-08,1.37E-06,7.125645209,1038,5.863129302,Downregulated
RNF144A,-1.036344364,4.553005249,48.2297259,4.50E-09,1.38E-07,7.109476192,1039,6.860148457,Downregulated
SARDH,-1.470824087,0.234713509,28.86937274,1.63E-06,1.49E-05,7.099302153,1043,4.826751353,Downregulated
SUSD4,-1.470165252,0.725582649,28.63222574,1.75E-06,1.57E-05,7.061152346,1049,4.802965066,Downregulated
NPAS2,-1.458964883,0.251724102,28.89048278,1.62E-06,1.48E-05,7.044978105,1055,4.828750978,Downregulated
BEX2,-1.388215869,2.052685633,30.96809251,7.90E-07,8.46E-06,7.041796071,1056,5.072551199,Downregulated
LOC107986372,-1.025193949,-0.61294004,48.67654951,4.45E-09,1.37E-07,7.035952167,1058,6.863044962,Downregulated
ZNF287,-1.23482577,1.897012729,36.3546513,1.41E-07,2.15E-06,6.997415787,1061,5.66672316,Downregulated
ZNF883,-1.489370457,-0.451685292,27.61940084,2.56E-06,2.14E-05,6.954316179,1066,4.669299129,Downregulated
GATA3,-1.293161378,4.055105937,33.71010831,3.24E-07,4.19E-06,6.953756608,1067,5.377330876,Downregulated
ATG9B,-1.332350477,1.289539808,32.17428553,5.34E-07,6.24E-06,6.934377749,1068,5.204619855,Downregulated
IL5RA,-1.91984874,2.768555372,19.20935136,5.28E-05,0.000245193,6.931599171,1070,3.610492342,Downregulated
CD3D,-1.421879456,5.73436257,29.08541609,1.48E-06,1.38E-05,6.910277395,1074,4.859960079,Downregulated
ZNF491,-1.061176596,0.069321226,44.69514518,1.26E-08,3.14E-07,6.900853208,1076,6.503020545,Downregulated
KLRK1,-1.448866809,5.132838824,28.23161763,1.98E-06,1.75E-05,6.893876553,1078,4.758116144,Downregulated
C3orf33,-1.011268147,0.432291296,47.75949884,5.28E-09,1.57E-07,6.88211713,1083,6.805432519,Downregulated
MICU3,-1.475168574,0.142993205,27.24720082,2.85E-06,2.32E-05,6.837772712,1090,4.635248358,Downregulated
GCSAM,-1.288160234,3.312479516,33.0506452,4.00E-07,4.97E-06,6.831602078,1093,5.303379111,Downregulated
MMP28,-1.455719638,-0.42197634,27.77796908,2.42E-06,2.05E-05,6.824961303,1095,4.6883762,Downregulated
RAI14,-1.477437154,-1.517790161,26.68054632,3.16E-06,2.52E-05,6.794405578,1101,4.598778068,Downregulated
MBLAC2,-1.142203647,2.493506922,38.89735469,6.50E-08,1.16E-06,6.780665533,1104,5.936476874,Downregulated
KLRC4-KLRK1,-1.442278732,5.210139286,27.6694165,2.40E-06,2.03E-05,6.76663303,1108,4.691626439,Downregulated
PAIP2B,-1.103592146,2.236684143,40.71497091,3.79E-08,7.45E-07,6.762336381,1110,6.127568418,Downregulated
NBL1,-1.349603109,-0.309270865,30.27246303,1.04E-06,1.05E-05,6.721652103,1114,4.980465781,Downregulated
ZNF578,-1.200769768,-0.249566639,35.74856109,1.80E-07,2.60E-06,6.705993601,1116,5.584745536,Downregulated
UST,-1.178425862,2.095988751,36.51465297,1.35E-07,2.08E-06,6.695178313,1121,5.681459078,Downregulated
ZNF540,-1.369062572,1.963333179,29.35361668,1.35E-06,1.29E-05,6.692714624,1122,4.888538159,Downregulated
BCL11B,-1.434861179,6.170728192,27.38287484,2.65E-06,2.20E-05,6.684203315,1124,4.658432057,Downregulated
FLT4,-1.581556014,1.247015909,23.87298403,9.21E-06,5.96E-05,6.681134444,1125,4.22440583,Downregulated
TMEM267,-1.001480063,2.623563004,46.20444206,7.87E-09,2.19E-07,6.668890363,1126,6.65903457,Downregulated
ZFP37,-1.376746922,0.578635384,28.929537,1.58E-06,1.45E-05,6.659898104,1127,4.837416373,Downregulated
CRTAM,-1.368755792,3.014920974,29.05553574,1.50E-06,1.39E-05,6.648638019,1130,4.857431878,Downregulated
CD160,-1.593940223,2.946229531,23.40788539,1.09E-05,6.80E-05,6.643091879,1132,4.167717072,Downregulated
APBB1,-1.222258122,4.230715651,33.92692503,3.02E-07,3.97E-06,6.601868588,1140,5.401370191,Downregulated
ACER1,-1.339458753,-1.637570771,29.33039631,1.22E-06,1.19E-05,6.598379617,1141,4.926153646,Downregulated
TMEM8B,-1.06463897,2.086416296,41.35571723,3.14E-08,6.44E-07,6.591002051,1146,6.190832985,Downregulated
MLF1,-1.205177275,-0.996715514,34.74566786,2.49E-07,3.40E-06,6.590920058,1147,5.468838647,Downregulated
NCALD,-1.337743769,3.778627003,29.65150543,1.22E-06,1.19E-05,6.589761928,1148,4.926027004,Downregulated
TRPC1,-1.365506388,0.40625891,28.82997908,1.64E-06,1.50E-05,6.588010746,1149,4.824591672,Downregulated
AK1,-1.322660799,3.536982274,30.03195586,1.08E-06,1.07E-05,6.575316385,1151,4.971279401,Downregulated
C12orf57,-1.137965067,4.21618491,37.42446793,1.02E-07,1.67E-06,6.573612668,1152,5.776638371,Downregulated
TRAF5,-1.157893352,4.967638998,36.4456438,1.37E-07,2.11E-06,6.572596401,1154,5.676340047,Downregulated
CLEC9A,-1.355013864,0.343217198,29.05168466,1.53E-06,1.41E-05,6.571858121,1155,4.850030169,Downregulated
ARL14EP,-1.035284571,4.478312167,42.90850465,2.00E-08,4.50E-07,6.570344004,1156,6.346413524,Downregulated
FUT2,-1.234530079,-1.830590057,32.3119919,4.03E-07,4.99E-06,6.544863735,1161,5.301502041,Downregulated
SPOCK2,-1.249489453,7.866111297,32.38870498,4.96E-07,5.86E-06,6.537729261,1162,5.232320487,Downregulated
TSPAN15,-1.41455458,0.389354922,27.04928929,3.03E-06,2.43E-05,6.526671779,1164,4.613941286,Downregulated
DPP4,-1.38172765,4.526771253,27.81606064,2.28E-06,1.96E-05,6.506015131,1170,4.708608916,Downregulated
ZNF649,-1.015470732,2.41791148,43.51296669,1.68E-08,3.93E-07,6.504729219,1171,6.405629442,Downregulated
BBS5,-1.18987563,-0.144205075,34.64413294,2.53E-07,3.42E-06,6.503734233,1172,5.465894139,Downregulated
HOPX,-1.300949089,3.993164441,30.24533131,1.00E-06,1.01E-05,6.496581999,1176,4.993725009,Downregulated
ZNF461,-1.046542067,1.84980479,41.47969603,3.03E-08,6.24E-07,6.493757122,1178,6.204965216,Downregulated
SYT17,-1.390904046,-0.430076279,27.58681596,2.59E-06,2.16E-05,6.489970755,1179,4.666008969,Downregulated
P2RY10,-1.237785169,5.216295272,32.4095301,4.92E-07,5.83E-06,6.479230884,1184,5.234535886,Downregulated
SPIN3,-1.092950921,2.732110724,38.77380442,6.75E-08,1.20E-06,6.473136222,1186,5.922622965,Downregulated
PRRT1,-1.385610647,-0.571664763,27.63450639,2.55E-06,2.14E-05,6.471133262,1187,4.670239274,Downregulated
IKZF2,-1.419161011,3.945492756,26.47953704,3.63E-06,2.79E-05,6.462906799,1188,4.554033511,Downregulated
AMIGO1,-1.421683926,3.561011186,26.40770617,3.72E-06,2.85E-05,6.461163046,1189,4.544725396,Downregulated
SCML1,-1.211062772,2.325502242,33.28560671,3.72E-07,4.68E-06,6.45472369,1190,5.329801096,Downregulated
SORBS3,-1.238058214,3.732680352,32.21515113,5.25E-07,6.15E-06,6.451931316,1191,5.211331134,Downregulated
NIPSNAP3B,-1.084514567,0.81377998,38.99719278,6.39E-08,1.14E-06,6.443407581,1192,5.941282648,Downregulated
PLA2G7,-1.698138193,2.615690375,20.4849907,3.23E-05,0.000165045,6.423033816,1197,3.782397595,Downregulated
PNMA3,-1.40889756,1.128792617,26.51432478,3.60E-06,2.78E-05,6.418912607,1198,4.555982486,Downregulated
TMEM204,-1.345665661,3.33519058,28.32762577,1.92E-06,1.70E-05,6.417870582,1199,4.769290594,Downregulated
TUBB4A,-1.279787712,0.906201851,30.42040285,9.55E-07,9.79E-06,6.410770365,1200,5.009245131,Downregulated
ATF7IP2,-1.019889639,3.315386106,42.17137116,2.47E-08,5.38E-07,6.393903302,1204,6.269210961,Downregulated
OR3A2,-1.59367936,-2.004002449,21.50102051,1.70E-05,9.82E-05,6.387486945,1207,4.008012594,Downregulated
NPTXR,-1.296811167,2.112945605,29.61394164,1.24E-06,1.20E-05,6.381623139,1208,4.921011863,Downregulated
TAFA1,-1.472296458,-0.137845486,24.80571774,6.77E-06,4.66E-05,6.377785091,1209,4.331862009,Downregulated
CD40LG,-1.398659389,3.86950576,26.49048854,3.61E-06,2.78E-05,6.371212214,1211,4.555227858,Downregulated
SLC22A3,-1.219760587,-1.354042253,32.29626157,5.11E-07,6.01E-06,6.368723898,1213,5.221290119,Downregulated
MATK,-1.287926085,4.041711328,29.56256747,1.26E-06,1.21E-05,6.331856648,1220,4.916319904,Downregulated
RORA,-1.392240005,5.652973271,26.1850758,4.02E-06,3.06E-05,6.285708141,1233,4.514816496,Downregulated
NECTIN3,-1.45081568,0.907401208,24.7422428,6.76E-06,4.66E-05,6.284751106,1234,4.331874263,Downregulated
HLA-DQA2,-1.654981961,3.793640911,20.43198318,3.30E-05,0.000167156,6.250666755,1239,3.776879084,Downregulated
ETNK2,-1.364363236,-0.745168507,26.64290846,3.60E-06,2.78E-05,6.21617922,1242,4.556102843,Downregulated
CXCR5,-1.103627016,4.829196914,35.79207983,1.68E-07,2.46E-06,6.189903116,1250,5.608691187,Downregulated
DMRTC1,-1.377411628,-1.700842064,25.65700279,4.28E-06,3.21E-05,6.188473727,1251,4.492828145,Downregulated
TTC24,-1.383032311,1.397856164,25.84690655,4.54E-06,3.37E-05,6.185610268,1252,4.472498741,Downregulated
ROBO3,-1.321931189,1.174417037,27.39705699,2.65E-06,2.20E-05,6.158126626,1255,4.658432057,Downregulated
SH3D19,-1.166340343,-1.959035815,31.85320906,4.30E-07,5.26E-06,6.157101222,1256,5.278991897,Downregulated
KCNA5,-1.646865179,-2.024449339,19.52078652,3.67E-05,0.000183368,6.153801168,1257,3.736675743,Downregulated
ZNF256,-1.056760912,2.014719528,37.77500257,9.14E-08,1.52E-06,6.147412037,1259,5.817221255,Downregulated
MB21D2,-1.279516662,1.244022414,28.61400045,1.75E-06,1.57E-05,6.145690271,1260,4.803134226,Downregulated
PI16,-1.479971217,1.629223278,23.29467076,1.13E-05,7.04E-05,6.145605511,1261,4.152516914,Downregulated
AUTS2,-1.28186438,3.878068111,28.44503462,1.84E-06,1.65E-05,6.131466712,1266,4.783241354,Downregulated
CD8A,-1.401392206,6.404864447,24.91125727,6.31E-06,4.41E-05,6.104279319,1269,4.355867895,Downregulated
AK8,-1.313519497,-1.909741994,26.59375889,2.76E-06,2.26E-05,6.101994714,1271,4.645530369,Downregulated
ADHFE1,-1.096166111,2.181858468,35.35483333,1.93E-07,2.75E-06,6.095286413,1273,5.560549948,Downregulated
ACVR2B,-1.307954855,2.419929867,27.29109697,2.74E-06,2.25E-05,6.079313523,1276,4.647953634,Downregulated
TMIE,-1.449239093,-1.203720337,23.64760142,1.01E-05,6.40E-05,6.078008405,1277,4.193930755,Downregulated
RTN1,-1.399199634,3.729874502,24.74539977,6.70E-06,4.63E-05,6.065067094,1283,4.334668869,Downregulated
ZBTB46,-1.171856648,1.294130616,31.88207139,5.88E-07,6.73E-06,6.061135316,1285,5.172249804,Downregulated
ENPP1,-1.390613401,-1.787288022,24.49661133,6.27E-06,4.39E-05,6.059691621,1286,4.357567399,Downregulated
XCL1,-1.453626085,0.532616487,23.35420714,1.12E-05,6.97E-05,6.042597388,1290,4.156913151,Downregulated
RNF125,-1.108247577,5.352456383,34.0737782,2.89E-07,3.80E-06,6.006395762,1298,5.419723795,Downregulated
GPR18,-1.246778736,3.49476768,28.70223095,1.69E-06,1.53E-05,6.004894341,1299,4.816327202,Downregulated
DMRTC1B,-1.364663879,-1.681910047,24.95600111,5.57E-06,3.99E-05,6.003089684,1300,4.398951107,Downregulated
TESPA1,-1.281301605,5.688801916,27.59743745,2.46E-06,2.07E-05,6.001849579,1301,4.684181738,Downregulated
SHANK1,-1.621038075,-1.795012126,19.45786902,4.17E-05,0.000203501,5.983953923,1304,3.691433295,Downregulated
FCMR,-1.167787348,7.180963022,31.3872447,6.87E-07,7.57E-06,5.980339675,1305,5.121086204,Downregulated
MAN1C1,-1.248918428,3.76621993,28.32720698,1.92E-06,1.70E-05,5.95645491,1306,4.769290594,Downregulated
CYP4F22,-1.471406203,0.375628233,22.49919347,1.54E-05,9.07E-05,5.948107039,1309,4.042464296,Downregulated
USP44,-1.410626951,0.775436398,23.82152499,9.43E-06,6.07E-05,5.947992803,1310,4.216559736,Downregulated
RTN4RL1,-1.231527988,-1.823869041,28.25850321,1.62E-06,1.48E-05,5.946478349,1311,4.828536913,Downregulated
CCDC122,-1.131161738,-0.551627625,32.80161902,4.62E-07,5.55E-06,5.94486588,1313,5.255540104,Downregulated
NKX3-1,-1.737040411,2.718821647,17.7870796,9.23E-05,0.000387036,5.927213313,1317,3.412248371,Downregulated
ZNF501,-1.032143849,1.214418753,36.72589723,1.27E-07,1.99E-06,5.883951601,1327,5.700708874,Downregulated
TSPAN6,-1.41440334,-1.090175675,23.39764304,1.12E-05,6.95E-05,5.880872123,1329,4.157846604,Downregulated
ZDHHC1,-1.288495583,-1.00478187,26.57017915,3.66E-06,2.82E-05,5.863253232,1335,4.550464362,Downregulated
PIWIL2,-1.251028224,-1.429347778,27.53461107,2.47E-06,2.07E-05,5.859008153,1336,4.683354094,Downregulated
GAL3ST4,-1.157472088,1.731925927,30.63507888,8.83E-07,9.20E-06,5.829014753,1343,5.035987315,Downregulated
CIART,-1.197431136,-2.10048035,27.9634561,1.50E-06,1.39E-05,5.816103541,1348,4.857150752,Downregulated
TSPYL5,-1.195315904,1.304821762,29.13420558,1.46E-06,1.37E-05,5.814154825,1349,4.864115676,Downregulated
EBF4,-1.298496393,-0.600426581,25.9081381,4.64E-06,3.42E-05,5.798495194,1352,4.465545863,Downregulated
DTX3,-1.102415761,3.077757341,32.6133754,4.61E-07,5.55E-06,5.794106481,1354,5.255826964,Downregulated
GRAP,-1.02984018,3.719893576,35.89308913,1.63E-07,2.40E-06,5.78774959,1357,5.620046396,Downregulated
CD28,-1.363388409,5.591612393,23.98638794,8.81E-06,5.75E-05,5.78079834,1359,4.240023095,Downregulated
UGT2B11,-1.796054612,-0.396085759,16.47812232,0.000159577,0.000609255,5.774676493,1362,3.215200949,Downregulated
SIM2,-1.11813142,-2.196993414,30.16154498,6.33E-07,7.12E-06,5.755365803,1370,5.147307103,Downregulated
THEM4,-1.087078054,4.085781026,32.74848194,4.41E-07,5.36E-06,5.729448015,1375,5.27050288,Downregulated
ARL6,-1.07222825,0.998708998,33.38623759,3.62E-07,4.60E-06,5.722831,1377,5.337325334,Downregulated
LRATD2,-1.284365344,3.305370381,25.61538877,4.92E-06,3.60E-05,5.707694672,1382,4.443980599,Downregulated
CD200R1,-1.164986429,3.149758702,29.2699177,1.39E-06,1.32E-05,5.684590285,1384,4.879533481,Downregulated
ARHGEF25,-1.196679476,-1.211147354,28.16117608,2.08E-06,1.82E-05,5.673299995,1386,4.740868469,Downregulated
FHIT,-1.404181973,3.152697529,22.39729774,1.58E-05,9.25E-05,5.664392509,1389,4.033944758,Downregulated
NLGN2,-1.232577793,1.101702838,26.80691747,3.25E-06,2.57E-05,5.657535798,1391,4.590003025,Downregulated
GOLGA8B,-1.005875388,5.413691591,35.91376955,1.62E-07,2.39E-06,5.654851545,1392,5.621821163,Downregulated
ZNF566,-1.041461393,2.643161742,34.16751474,2.80E-07,3.72E-06,5.654671587,1393,5.429554686,Downregulated
KCNA6,-1.190153725,0.10093907,28.21896955,2.04E-06,1.78E-05,5.652246854,1394,4.749173771,Downregulated
ZFR2,-1.418281076,-1.7934894,21.64552538,1.83E-05,0.000104293,5.647230742,1396,3.981742998,Downregulated
CHI3L2,-1.22989481,3.343987267,26.78868707,3.26E-06,2.57E-05,5.644938593,1397,4.589773488,Downregulated
EOMES,-1.279008629,4.606852475,25.3674679,5.37E-06,3.87E-05,5.643601438,1398,4.412481129,Downregulated
AXIN2,-1.396829096,2.702960684,22.43613505,1.55E-05,9.14E-05,5.642084418,1399,4.03920883,Downregulated
ZDHHC11B,-1.158921498,0.616715407,29.18174058,1.45E-06,1.36E-05,5.640713315,1400,4.867209149,Downregulated
ABCD2,-1.328841083,3.649591938,23.99974762,8.76E-06,5.74E-05,5.636164075,1401,4.241413175,Downregulated
SIRPG,-1.310863773,4.09454337,24.43205642,7.50E-06,5.02E-05,5.6359491,1402,4.29941632,Downregulated
DUSP14,-1.04942671,1.52962371,33.62981786,3.34E-07,4.30E-06,5.632224303,1405,5.366953449,Downregulated
PROX2,-1.000114744,2.216830694,35.90415173,1.63E-07,2.40E-06,5.621223266,1407,5.620578336,Downregulated
SIGLEC8,-2.092051719,1.454953047,12.92996978,0.000690472,0.0020968,5.603441105,1411,2.678442915,Downregulated
VXN,-1.343985199,-1.369940242,23.36200955,1.09E-05,6.82E-05,5.598912364,1414,4.165903292,Downregulated
UBASH3A,-1.284101025,4.010042069,24.75685037,6.67E-06,4.61E-05,5.568098439,1422,4.336184094,Downregulated
THEMIS,-1.393940976,4.834283787,22.06750137,1.78E-05,0.000102122,5.563050922,1423,3.990879827,Downregulated
ZNF30,-1.209321033,1.628814366,26.87839264,3.16E-06,2.52E-05,5.561197022,1425,4.598611014,Downregulated
BCAS4,-1.109009988,2.235421622,30.28325788,9.91E-07,1.01E-05,5.540976379,1429,4.996326848,Downregulated
CCNI2,-1.052036359,0.10206484,32.57809918,4.81E-07,5.72E-06,5.515398347,1434,5.242592902,Downregulated
SMAD9,-1.116132469,-0.162565699,29.77694779,1.22E-06,1.18E-05,5.49846972,1438,4.926359436,Downregulated
KPNA5,-1.145195091,3.544323012,28.53115743,1.79E-06,1.61E-05,5.490343583,1440,4.79424303,Downregulated
ABTB3,-1.117058174,3.354245311,29.54944956,1.27E-06,1.22E-05,5.489956743,1441,4.914656079,Downregulated
GJA3,-1.392059955,-1.855288884,21.24388503,2.08E-05,0.000115131,5.483058979,1444,3.938809502,Downregulated
ABLIM1,-1.200494214,6.885629929,26.49423275,3.61E-06,2.78E-05,5.468992126,1449,4.555617232,Downregulated
CDH13,-1.190798378,-0.050003729,26.89881544,3.23E-06,2.56E-05,5.468694489,1450,4.59246048,Downregulated
COL13A1,-1.560166738,-1.284079073,18.40249049,7.18E-05,0.000316176,5.460694808,1451,3.50007129,Downregulated
DNAI2,-1.346778959,-1.395173983,22.49239446,1.50E-05,8.87E-05,5.456958784,1452,4.051859252,Downregulated
PAK3,-1.371213776,-0.891873676,22.05971619,1.85E-05,0.000105261,5.454319737,1453,3.977731142,Downregulated
ALDH1A1,-1.386005125,4.18144463,21.47239223,2.22E-05,0.000121584,5.426382961,1461,3.915124743,Downregulated
FXYD2,-1.168966372,-1.786917141,26.76310148,2.85E-06,2.32E-05,5.418365169,1463,4.635176254,Downregulated
CXCL8,-1.61453865,3.251806305,17.31233552,0.000111491,0.000450867,5.402167555,1469,3.345951214,Downregulated
NR3C2,-1.365020658,2.965045243,21.65335236,2.08E-05,0.000115131,5.376556336,1475,3.938809502,Downregulated
ZNF80,-1.354073618,0.174912152,21.90953119,1.92E-05,0.000108285,5.369488216,1479,3.965433004,Downregulated
C12orf42,-1.16881798,0.03542844,26.751191,3.38E-06,2.65E-05,5.350191119,1482,4.577437387,Downregulated
CD248,-1.505944829,1.698126354,18.76917745,6.27E-05,0.000282327,5.344970691,1484,3.549247348,Downregulated
PTPN20,-1.470397609,-1.77184657,19.08209381,4.97E-05,0.000234032,5.338608595,1487,3.630724481,Downregulated
CFH,-1.311604866,2.165242958,22.60352471,1.46E-05,8.69E-05,5.326479965,1492,4.061040108,Downregulated
SPINK2,-1.347284605,-1.136255139,21.77914019,2.02E-05,0.000112619,5.319605042,1493,3.948389987,Downregulated
ABCB1,-1.234083648,3.646196432,24.30896498,7.84E-06,5.21E-05,5.28556228,1499,4.282985428,Downregulated
GOLGA7B,-1.193356235,2.472884407,25.45182375,5.21E-06,3.78E-05,5.278261873,1501,4.42303959,Downregulated
C4orf51,-1.025579651,1.40043695,31.56885103,6.50E-07,7.27E-06,5.269960491,1505,5.138518966,Downregulated
DEPDC7,-1.251926917,-0.427514607,23.80771699,9.75E-06,6.24E-05,5.264042876,1507,4.204752532,Downregulated
LCK,-1.185098845,6.786267445,25.5791042,4.98E-06,3.64E-05,5.261099705,1509,4.439376282,Downregulated
CAMK4,-1.24727802,5.055190902,23.7882743,9.46E-06,6.09E-05,5.257642147,1510,4.215292873,Downregulated
LEF1,-1.345949439,6.682772993,21.38555095,2.30E-05,0.000124467,5.255858601,1511,3.904945053,Downregulated
DHRS3,-1.153797168,3.200839046,26.48128402,3.62E-06,2.79E-05,5.254430967,1512,4.554033511,Downregulated
WDR49,-1.231324448,-1.361030683,24.17866924,8.19E-06,5.41E-05,5.253938607,1513,4.266900258,Downregulated
RYR1,-1.035347725,1.162610883,30.93124627,8.03E-07,8.57E-06,5.24598866,1515,5.066885775,Downregulated
SUGCT,-1.122274587,-1.891787928,26.73775072,2.72E-06,2.24E-05,5.219059309,1518,4.650429911,Downregulated
HLA-DOA,-1.194231685,4.856049799,25.02254906,6.07E-06,4.29E-05,5.216174666,1520,4.367807964,Downregulated
PRKACB,-1.088299708,6.67973539,28.50906553,1.80E-06,1.61E-05,5.215089823,1521,4.791961062,Downregulated
ETS1,-1.063740848,9.327201894,29.40252823,1.33E-06,1.27E-05,5.207660535,1524,4.895610187,Downregulated
FEZ1,-1.265802185,1.380541906,22.97019774,1.28E-05,7.79E-05,5.200458865,1525,4.108429365,Downregulated
CD4,-1.192155547,7.638368956,24.96743823,6.19E-06,4.35E-05,5.19921644,1526,4.361189655,Downregulated
PTPN13,-1.190108745,1.69617134,25.02324445,6.08E-06,4.29E-05,5.197552483,1528,4.367292067,Downregulated
TCTN2,-1.046933383,1.451735625,29.95483014,1.11E-06,1.09E-05,5.193595902,1530,4.960770174,Downregulated
ZNF485,-1.065313402,1.629980959,29.21405725,1.42E-06,1.34E-05,5.191216289,1532,4.872947508,Downregulated
HSF5,-1.089545583,0.629961426,28.16364064,2.05E-06,1.79E-05,5.172690157,1535,4.747566542,Downregulated
PTPRS,-1.296677075,1.758575357,21.93056197,1.88E-05,0.000106396,5.151794078,1539,3.973074081,Downregulated
CCL28,-1.094768056,2.270073174,27.78979538,2.30E-06,1.97E-05,5.151266206,1540,4.705349393,Downregulated
CAPN5,-1.171135815,1.877064277,25.14849272,5.81E-06,4.14E-05,5.13360724,1542,4.383443129,Downregulated
ME3,-1.24906096,0.104682727,23.0230393,1.28E-05,7.78E-05,5.132664353,1543,4.109218458,Downregulated
CCR9,-1.312269995,0.9433688,21.43995338,2.26E-05,0.000123098,5.130647631,1544,3.909750014,Downregulated
ZXDB,-1.014554521,3.552887117,30.44397459,9.39E-07,9.70E-06,5.086403596,1553,5.013435443,Downregulated
ANKS6,-1.009332138,2.366109043,30.6569762,8.75E-07,9.14E-06,5.086210563,1554,5.039184199,Downregulated
TRABD2A,-1.330849433,4.249617838,20.7714722,2.90E-05,0.000150964,5.085342612,1555,3.821125428,Downregulated
CHIC1,-1.153804926,3.472656492,25.32706415,5.44E-06,3.91E-05,5.085146609,1556,4.407284537,Downregulated
COL6A1,-1.329800561,0.268019187,20.71722234,3.00E-05,0.000155367,5.064731966,1563,3.808640268,Downregulated
VIPR2,-1.203015058,-1.21132387,23.55746471,1.05E-05,6.60E-05,5.028929472,1568,4.180271426,Downregulated
MYCL,-1.157353244,4.315861586,24.48907732,7.35E-06,4.94E-05,4.98424445,1576,4.30658874,Downregulated
PLAAT4,-1.083145148,5.597062727,26.8852371,3.15E-06,2.51E-05,4.98261109,1577,4.600132401,Downregulated
SLC27A5,-1.01907032,-0.181603001,29.36449413,1.40E-06,1.32E-05,4.971507226,1579,4.87847318,Downregulated
LYNX1,-1.382788253,0.022386979,19.04175542,5.73E-05,0.000261515,4.953843081,1583,3.582503011,Downregulated
IQCA1,-1.375802221,-2.016923543,18.62307519,5.55E-05,0.000255138,4.943566506,1585,3.593224689,Downregulated
RNF207,-1.018316405,-0.15416509,29.01284465,1.57E-06,1.44E-05,4.928793547,1588,4.840139592,Downregulated
CD209,-1.412463281,0.002074566,18.35617807,7.49E-05,0.000327399,4.922324687,1589,3.484922229,Downregulated
ZNF831,-1.166007855,4.849468653,23.83449711,9.30E-06,6.01E-05,4.921758952,1591,4.221034131,Downregulated
MAGEE1,-1.128552367,1.99239578,24.9223393,6.30E-06,4.40E-05,4.916449177,1592,4.356420952,Downregulated
PTPN4,-1.132890292,6.030995404,24.71160785,6.78E-06,4.66E-05,4.906861356,1594,4.331276725,Downregulated
PJVK,-1.013206601,-0.974406459,28.9369053,1.64E-06,1.50E-05,4.88830813,1598,4.824591672,Downregulated
COLGALT2,-1.271923381,0.902972916,20.9163193,2.76E-05,0.00014459,4.884010717,1599,3.839862361,Downregulated
COLEC12,-1.367205019,-1.716674656,18.70381016,5.91E-05,0.000268348,4.882700502,1600,3.57130089,Downregulated
ST6GALNAC1,-1.402528748,0.409313602,18.30021562,7.60E-05,0.000330874,4.881272441,1601,3.48033682,Downregulated
ALOX12B,-1.096764532,-1.776206123,25.28270109,4.92E-06,3.60E-05,4.874000303,1607,4.443980599,Downregulated
CD2,-1.192151275,6.652166956,22.63419283,1.44E-05,8.60E-05,4.846832505,1612,4.065618689,Downregulated
PRKCH,-1.051548962,6.914321884,26.95739264,3.07E-06,2.46E-05,4.846178235,1613,4.608609215,Downregulated
CUZD1,-1.027362664,-0.726667499,28.00563327,2.26E-06,1.94E-05,4.840337957,1614,4.711420928,Downregulated
TDRD6,-1.509968826,-0.662017884,16.27014172,0.000173733,0.000653731,4.808647856,1622,3.184600751,Downregulated
DEGS2,-1.045693937,3.276292483,26.86455633,3.17E-06,2.52E-05,4.808480817,1623,4.598363484,Downregulated
TPRG1,-1.064924337,1.42086082,26.15155181,4.08E-06,3.09E-05,4.802586993,1624,4.509791754,Downregulated
FAM169A,-1.194378851,2.580069009,22.2036156,1.69E-05,9.80E-05,4.788060903,1627,4.008829276,Downregulated
ZNF549,-1.049864967,3.133020629,26.53954438,3.55E-06,2.75E-05,4.787487969,1628,4.560098795,Downregulated
CCN6,-1.139507614,-1.429134326,23.58854289,1.01E-05,6.40E-05,4.778907793,1633,4.193835771,Downregulated
MID2,-1.295071459,2.403725739,19.76759224,4.25E-05,0.000206499,4.772443663,1634,3.685081336,Downregulated
N4BP3,-1.083605004,1.812524542,25.26105503,5.58E-06,4.00E-05,4.766159174,1637,4.39842854,Downregulated
TCF7,-1.359388517,7.429799372,18.39961928,7.24E-05,0.000318012,4.75453721,1639,3.497555812,Downregulated
GPA33,-1.236298918,2.605988612,20.94326723,2.72E-05,0.000142693,4.754308371,1640,3.845597777,Downregulated
TNNC1,-1.229421804,-1.816153138,20.58559106,2.78E-05,0.000145972,4.715730071,1645,3.835729979,Downregulated
KLHDC1,-1.053778467,1.192101687,25.67033514,4.84E-06,3.55E-05,4.688688759,1652,4.449406499,Downregulated
NPR2,-1.073870268,0.912997591,25.0103619,6.13E-06,4.32E-05,4.687167797,1653,4.364743058,Downregulated
SLC30A4,-1.097354841,2.231623904,24.20043087,8.16E-06,5.40E-05,4.683400147,1655,4.267899472,Downregulated
ZFP30,-1.045224791,2.391509977,25.74196185,4.70E-06,3.46E-05,4.662274425,1659,4.460547113,Downregulated
NAP1L3,-1.260868125,1.199010357,19.76709027,4.27E-05,0.000206844,4.64548894,1665,3.684357505,Downregulated
AKAP6,-1.238604506,0.049028169,20.1319712,3.76E-05,0.000186939,4.617890093,1673,3.728300736,Downregulated
DENND11,-1.021709388,4.853890771,26.21151744,3.98E-06,3.03E-05,4.616241084,1675,4.518154712,Downregulated
SLC4A4,-1.265278403,1.096999935,19.44813122,4.83E-05,0.000228409,4.60724097,1677,3.641286344,Downregulated
ZNF229,-1.163438067,-0.328932862,21.69667897,2.10E-05,0.000116305,4.577431407,1689,3.93440058,Downregulated
FCGBP,-1.413637736,3.025973322,16.47261681,0.000156407,0.000599225,4.555320276,1697,3.222409929,Downregulated
ATP8A2,-1.177188251,0.731412083,21.10759543,2.57E-05,0.000136413,4.550003074,1699,3.865144824,Downregulated
STAT4,-1.047065527,5.363202429,24.6461821,6.94E-06,4.74E-05,4.528161267,1710,4.324620714,Downregulated
RASGRP1,-1.131562149,6.067627314,22.017564,1.81E-05,0.000103705,4.508368607,1715,3.984198844,Downregulated
MAL,-1.278522106,4.390580133,18.57384128,6.76E-05,0.000301145,4.501964028,1720,3.52122502,Downregulated
CNR2,-1.095560952,3.224618662,22.9532142,1.28E-05,7.82E-05,4.499542126,1721,4.107066903,Downregulated
GIMAP7,-1.007304907,7.333107926,25.78975653,4.62E-06,3.41E-05,4.499501976,1722,4.466871891,Downregulated
IL7R,-1.325663582,8.845889258,17.59664875,9.95E-05,0.00041182,4.487758594,1725,3.385292208,Downregulated
OXNAD1,-1.02138883,5.583697277,25.19178058,5.71E-06,4.08E-05,4.483375841,1726,4.389489792,Downregulated
KLF12,-1.139277912,5.552649438,21.45237734,2.24E-05,0.000122259,4.457673573,1733,3.912718334,Downregulated
HSD17B3,-1.028233411,-1.143325265,24.62287522,7.25E-06,4.88E-05,4.433310316,1738,4.311579713,Downregulated
PLEKHG4,-1.023684181,1.951500714,24.6561105,6.93E-06,4.73E-05,4.427299055,1743,4.324868094,Downregulated
ZNF285,-1.047112945,0.418091471,23.6632975,1.00E-05,6.38E-05,4.392749979,1748,4.195106171,Downregulated
LY9,-1.09546589,5.013537628,22.15815394,1.72E-05,9.93E-05,4.385049495,1752,4.00290829,Downregulated
ZNF703,-1.527016126,1.891600168,14.12115774,0.000414494,0.001362487,4.375920719,1755,2.865667654,Downregulated
MORN3,-1.041159189,1.249492076,23.67416269,9.89E-06,6.31E-05,4.373020644,1756,4.20014604,Downregulated
NPHP1,-1.175591257,-1.826935257,19.73844748,3.88E-05,0.000191781,4.369900127,1758,3.717193456,Downregulated
ASAH2,-1.051751567,-0.51071111,23.37825853,1.14E-05,7.05E-05,4.366643339,1760,4.151782109,Downregulated
ZNF404,-1.107992591,0.129020391,21.68138763,2.09E-05,0.000115715,4.361733871,1762,3.936609241,Downregulated
KLHL13,-1.075482327,-0.957359631,22.64156055,1.50E-05,8.86E-05,4.358585898,1763,4.052680168,Downregulated
COL5A3,-1.60418793,1.308452204,13.15231715,0.000627222,0.001932318,4.35363994,1766,2.713921392,Downregulated
FAM241B,-1.259371149,-0.264644116,17.99000807,8.69E-05,0.000368067,4.324771956,1778,3.4340726,Downregulated
RAB25,-1.16764347,-1.858939528,19.61319922,4.03E-05,0.000198224,4.323600386,1780,3.702842947,Downregulated
ESM1,-1.085941575,-1.164811975,21.91828136,1.93E-05,0.000108699,4.304429306,1783,3.963776141,Downregulated
ADGRD1,-1.263224703,1.1063988,17.74321242,9.41E-05,0.000393678,4.301102312,1788,3.404859248,Downregulated
CFAP97D2,-1.289878795,-0.833850727,17.2954046,0.000115091,0.000463208,4.300745188,1789,3.334224274,Downregulated
OLIG2,-1.551473477,-0.300474938,13.418298,0.000566884,0.001771586,4.269093016,1800,2.751637768,Downregulated
CD5,-1.15990968,6.031256982,19.60009291,4.54E-05,0.00021708,4.24918971,1804,3.663379817,Downregulated
MORC4,-1.097745987,2.245218623,21.12250912,2.54E-05,0.00013515,4.247382067,1807,3.86918478,Downregulated
FAM153A,-1.401670043,2.305460689,15.07606094,0.000277654,0.000967135,4.225352151,1812,3.014512704,Downregulated
CACNA1C,-1.040886186,-0.727225692,22.64364171,1.50E-05,8.86E-05,4.218387233,1815,4.052688266,Downregulated
SPP1,-1.559504464,-0.029306796,13.02924451,0.000667528,0.002042018,4.194974074,1821,2.689940407,Downregulated
ZNF391,-1.175012077,0.963582138,18.86303012,6.06E-05,0.000274377,4.184984134,1825,3.561652017,Downregulated
PATJ,-1.09553836,3.382898075,20.51089459,3.20E-05,0.000163714,4.147613193,1835,3.78591325,Downregulated
GPR171,-1.153964653,4.0555928,18.99436721,5.74E-05,0.000261663,4.133798155,1838,3.582257174,Downregulated
TNFRSF21,-1.407598218,1.153118067,14.55977087,0.000345072,0.001167541,4.128102553,1839,2.93272789,Downregulated
GPM6A,-1.454277713,-0.412276158,13.96709892,0.000449423,0.001455198,4.125899169,1840,2.837077907,Downregulated
ASAH2B,-1.0003304,0.654048935,23.0888641,1.23E-05,7.55E-05,4.123180738,1841,4.121818888,Downregulated
SLC45A1,-1.119260188,-1.585827409,19.66490942,4.28E-05,0.000207208,4.122899671,1842,3.683593607,Downregulated
ARL4C,-1.044157934,7.171303088,21.37505234,2.31E-05,0.000124865,4.075932564,1861,3.903559442,Downregulated
TXNRD3,-1.157210105,-0.348901451,18.62028731,6.80E-05,0.000302213,4.073018014,1862,3.519687561,Downregulated
HKDC1,-1.224488693,1.765991565,17.15216167,0.000118986,0.000476834,4.067301751,1864,3.321632757,Downregulated
EDAR,-1.357266713,1.633115528,14.9485599,0.000292973,0.001011651,4.06497216,1865,2.994969318,Downregulated
SYDE2,-1.192896341,0.100845931,17.66847022,9.79E-05,0.000406475,4.045070991,1868,3.390966047,Downregulated
CIMAP3,-1.110676441,-2.149451433,18.86400535,4.88E-05,0.00023055,4.039790427,1871,3.637234283,Downregulated
BAG1,-1.225632151,6.790534623,16.91024386,0.000131014,0.000516142,4.028936261,1873,3.287231212,Downregulated
FLT3LG,-1.065511092,4.42849577,20.36156083,3.39E-05,0.000171031,4.013701558,1874,3.766926117,Downregulated
TARP,-1.191688391,5.479597903,17.44033951,0.000105913,0.000432704,4.008612832,1875,3.363809586,Downregulated
CD3G,-1.179970371,5.104322727,17.54038866,0.000101767,0.000419347,3.985262873,1884,3.377426223,Downregulated
ZNF793,-1.091075125,1.095205659,19.42297319,4.87E-05,0.000230206,3.96920417,1887,3.637883479,Downregulated
ADAMTS10,-1.200765145,1.963605125,16.9814647,0.000127403,0.000505104,3.958465625,1888,3.29661936,Downregulated
PPP2R2B,-1.137121182,2.701765891,18.2639975,7.64E-05,0.0003323,3.955440941,1889,3.478469141,Downregulated
ZNF681,-1.089993822,2.231608772,19.24163165,5.21E-05,0.00024281,3.940036663,1895,3.614733024,Downregulated
FBXL16,-1.04455436,2.685011673,20.38798953,3.35E-05,0.000169539,3.938733225,1897,3.770730731,Downregulated
SFRP5,-1.485837551,-0.867237291,12.75523435,0.000754032,0.002258946,3.931666044,1902,2.646094145,Downregulated
DSEL,-1.104632573,1.065642252,18.70557575,6.44E-05,0.000288674,3.90994823,1903,3.539591649,Downregulated
HLA-DRB1,-1.026352445,7.605599262,20.68028807,3.00E-05,0.000155367,3.909007251,1904,3.808640268,Downregulated
SELENOM,-1.009867589,1.075517408,21.14122279,2.53E-05,0.000134714,3.908780326,1905,3.870586963,Downregulated
HTR7,-1.140561916,-1.185504031,17.88894872,9.00E-05,0.000379338,3.901832429,1906,3.420973797,Downregulated
THNSL1,-1.022302927,2.248590785,20.71920185,2.96E-05,0.0001536,3.898664686,1907,3.81361002,Downregulated
LRRC7,-1.124681225,-0.699515088,18.22797541,7.97E-05,0.000343143,3.896485509,1909,3.464524366,Downregulated
CXCL6,-1.224620867,-0.556548041,16.14959568,0.000182301,0.000680437,3.878634188,1913,3.167212232,Downregulated
FCER2,-1.181559003,3.912166432,16.85988346,0.000133709,0.000524596,3.875719979,1917,3.280174727,Downregulated
PRXL2A,-1.026240229,1.864514944,20.39176456,3.35E-05,0.000169479,3.869833775,1918,3.770884891,Downregulated
ITM2A,-1.032013493,4.96599976,20.11118566,3.73E-05,0.000185527,3.851053252,1921,3.731591958,Downregulated
CBR3,-1.102814172,0.316283121,18.351907,7.45E-05,0.000325841,3.845506379,1925,3.486993982,Downregulated
PLCE1,-1.017685206,1.529463507,20.43946735,3.29E-05,0.000167066,3.843909793,1927,3.777110811,Downregulated
HAPLN3,-1.110328246,3.334757921,18.09219168,8.18E-05,0.000350134,3.837033602,1929,3.4557651,Downregulated
ZNF239,-1.116152887,0.562252502,17.87166607,8.98E-05,0.000378559,3.819325938,1936,3.42186629,Downregulated
TSPEAR,-1.525842463,-1.797882857,11.69058051,0.001119424,0.003150905,3.816993625,1939,2.501564689,Downregulated
RFPL2,-1.130245521,-1.608598785,17.43596462,0.000102477,0.000421547,3.814753056,1940,3.375154322,Downregulated
CD6,-1.090494214,6.235080375,18.35624537,7.37E-05,0.000322805,3.806980819,1944,3.491060082,Downregulated
ZNF727,-1.447036991,-0.216472304,12.59480515,0.000806577,0.002389908,3.793579502,1948,2.621618884,Downregulated
PTK7,-1.053760459,0.747219781,19.13297671,5.46E-05,0.000251704,3.792598808,1949,3.599109055,Downregulated
VIT,-1.229061637,-1.099089542,15.58936653,0.000227995,0.000820873,3.792544709,1950,3.085723771,Downregulated
SLC12A3,-1.30084448,-0.748935192,14.40943599,0.000373859,0.001251196,3.775928104,1954,2.902674502,Downregulated
CDON,-1.079690856,-0.3766141,18.42304954,7.34E-05,0.000321895,3.770588316,1956,3.492285126,Downregulated
LZTS1,-1.269874546,-0.858501551,14.78892972,0.000318992,0.001091513,3.761331856,1960,2.961971218,Downregulated
NRP2,-1.062013884,0.093817235,18.66367485,6.62E-05,0.000295436,3.748417576,1963,3.529537261,Downregulated
RASGRF2,-1.215980481,3.175672443,15.44764936,0.000237959,0.000850133,3.733683787,1967,3.070512929,Downregulated
PLEKHB1,-1.12639316,3.719258288,17.06936263,0.000122896,0.000490352,3.727788868,1973,3.30949175,Downregulated
SALL2,-1.07033354,1.300134717,18.26546458,7.65E-05,0.000332606,3.722694208,1974,3.478069284,Downregulated
MAP9,-1.050360075,1.788793676,18.67301858,6.51E-05,0.00029121,3.713855945,1978,3.535793137,Downregulated
ADGRB2,-1.018940994,-0.710908867,19.25786188,5.34E-05,0.000247049,3.675541898,1985,3.607217609,Downregulated
ZFP2,-1.162325458,-0.839552796,16.02345434,0.000192119,0.000709698,3.660077044,1987,3.148926162,Downregulated
IL32,-1.000347431,7.27571139,19.3908393,4.92E-05,0.000232046,3.635688721,1992,3.634426008,Downregulated
CLDN22,-1.030883925,-1.901972464,17.9835456,7.72E-05,0.000334446,3.583017039,2001,3.475674566,Downregulated
HPCAL4,-1.23312959,2.063353284,14.30186817,0.00038396,0.001278738,3.567713372,2006,2.893218524,Downregulated
ZNF683,-1.395012374,2.457351056,12.13291089,0.000975648,0.002802654,3.560672233,2008,2.552430573,Downregulated
ACVR1C,-1.188263933,0.839004746,14.93396771,0.000295413,0.001018852,3.555153579,2009,2.991888823,Downregulated
NAP1L2,-1.113946202,1.723504627,16.22959985,0.000172789,0.000651034,3.549474262,2010,3.186396484,Downregulated
PDE9A,-1.240660465,1.242398455,14.07031447,0.000423887,0.001387548,3.54550001,2012,2.857752067,Downregulated
CABP4,-1.110550055,-0.501425755,16.27544759,0.000173039,0.000651741,3.538129043,2016,3.185924873,Downregulated
TPH1,-1.026042109,-0.78963137,18.08396223,8.43E-05,0.000358895,3.534748945,2017,3.44503302,Downregulated
CD247,-1.064796605,6.836441948,16.86747294,0.000133293,0.000523156,3.49399075,2022,3.281369167,Downregulated
CPA3,-1.346312571,1.794230142,12.3815553,0.000875312,0.002559208,3.489499997,2023,2.591894387,Downregulated
KLRC2,-1.146337071,1.454891269,15.23383228,0.000260277,0.000917978,3.481617742,2027,3.03716754,Downregulated
NTN5,-1.075473809,-1.700330899,16.22838878,0.000165535,0.00062799,3.443717904,2033,3.202047204,Downregulated
PAGE2,-1.370876337,-2.352802806,11.52086932,0.001089932,0.003080028,3.442880971,2034,2.511445327,Downregulated
PHLDB2,-1.024466245,2.20908197,17.39408974,0.000107941,0.000439325,3.439352797,2035,3.357214367,Downregulated
KLRC4,-1.254531713,1.521679498,13.32087659,0.000583022,0.001817223,3.438159147,2036,2.740591657,Downregulated
CCR4,-1.050353035,4.117541577,16.73401964,0.000140678,0.000548876,3.424702866,2040,3.260525512,Downregulated
ALOX15,-1.834972736,2.485607768,8.062757488,0.006308545,0.013796274,3.413486348,2042,1.860238182,Downregulated
TLE2,-1.111228439,1.406279953,15.39254293,0.000243746,0.000867783,3.402124649,2046,3.061588894,Downregulated
GZMA,-1.053786209,6.081857046,16.45690513,0.000157383,0.000602321,3.393372627,2051,3.220171793,Downregulated
PPIAL4H,-1.101174385,-1.98987034,15.04773945,0.000253013,0.000896102,3.355985914,2060,3.047642554,Downregulated
PRSS23,-1.167395539,3.552841103,14.1194473,0.000414521,0.001362487,3.345367635,2063,2.865667654,Downregulated
ST8SIA1,-1.21743553,0.981878241,13.34900934,0.000576741,0.001799994,3.341530498,2064,2.744728911,Downregulated
B4GALNT4,-1.219854619,-1.365693587,13.1718083,0.000620369,0.001915228,3.315295866,2067,2.717779492,Downregulated
PZP,-1.268532808,-1.097325459,12.5119791,0.000835588,0.002460618,3.309546027,2069,2.608955801,Downregulated
ITK,-1.052427683,6.889887601,15.59078244,0.00022429,0.000809769,3.253726515,2079,3.091639045,Downregulated
LDOC1,-1.040025074,1.401556306,15.78877194,0.000207034,0.000756419,3.24616535,2081,3.121237584,Downregulated
MAGED4,-1.017155427,-0.064617784,16.12996757,0.000182112,0.000680086,3.221774998,2088,3.167436278,Downregulated
IL2RB,-1.009202655,7.07065826,16.23842615,0.00017201,0.00064905,3.21705721,2089,3.187721707,Downregulated
TGFBR3,-1.145776994,5.163327953,13.65843279,0.000504138,0.001602693,3.202618213,2090,2.795149692,Downregulated
CCR7,-1.136562712,6.834783859,13.76549334,0.000481658,0.001544926,3.194982792,2093,2.811092391,Downregulated
INPP4B,-1.190464775,5.048267128,12.95801626,0.000680966,0.002072517,3.19461454,2094,2.683501946,Downregulated
MAGED4B,-1.021910792,-0.074396612,15.77640561,0.000210425,0.000767828,3.182982542,2099,3.114736204,Downregulated
XCL2,-1.249072626,1.63873448,12.08646428,0.00099622,0.002849362,3.179205044,2101,2.545252356,Downregulated
KCNG1,-1.303175399,-0.338538335,11.42583445,0.001347842,0.003694523,3.16989803,2103,2.432441583,Downregulated
GPR174,-1.107647109,4.673397955,14.0698186,0.000423296,0.001386246,3.165832458,2106,2.858159817,Downregulated
CTSW,-1.094596118,6.59471213,14.17501391,0.000404876,0.001336297,3.145975316,2110,2.874096906,Downregulated
P3H3,-1.14576754,-0.284434838,13.31414248,0.000591556,0.001839426,3.134038145,2112,2.735317624,Downregulated
ZSWIM5,-1.116870687,0.493188695,13.62344923,0.000514085,0.00162854,3.114060525,2117,2.788201501,Downregulated
ASIC1,-1.315247073,-1.313277776,10.99122083,0.001620229,0.004311792,3.111009422,2119,2.365342213,Downregulated
CDS1,-1.003617898,-1.153489115,15.6766108,0.000220182,0.000798154,3.109121074,2122,3.09791314,Downregulated
ZNF154,-1.000142632,2.576294972,15.59419644,0.000224027,0.000809226,3.092371045,2124,3.091930036,Downregulated
RPS4Y1,-1.507984435,7.066091939,9.038648933,0.003968457,0.009296675,3.063730256,2133,2.031672334,Downregulated
BACH2,-1.014422943,5.160708452,15.02130247,0.000283937,0.000985909,3.049520802,2137,3.006163084,Downregulated
GPR150,-1.030860941,-1.839954402,14.31569719,0.000360691,0.00121222,3.006421856,2151,2.916418439,Downregulated
CNN3,-1.077987144,0.305263917,13.57202518,0.000526207,0.001661438,2.996282229,2155,2.779515736,Downregulated
UPK3A,-1.149895303,0.075617023,12.45605351,0.000853093,0.002504456,2.991207226,2156,2.601286586,Downregulated
CDKN1C,-1.2838205,1.729960758,10.69983203,0.001847815,0.004823487,2.974148548,2160,2.316638928,Downregulated
PRKN,-1.021053674,-1.782004053,14.26213034,0.00037245,0.001247064,2.965253497,2161,2.904111285,Downregulated
PYHIN1,-1.020680766,4.974129648,14.27179777,0.00038867,0.001291127,2.94877826,2164,2.889030889,Downregulated
AGAP1,-1.072858687,2.322469056,13.29719972,0.000588566,0.001831719,2.936565767,2168,2.73714125,Downregulated
PLEKHG5,-1.001976188,0.128798399,14.44559925,0.000364246,0.00122302,2.918322153,2171,2.912566375,Downregulated
FOXJ1,-1.035615915,-1.882897436,13.65638924,0.000474463,0.001524572,2.917176678,2173,2.816851919,Downregulated
DNTT,-1.223958735,-2.423292517,10.73681007,0.001568279,0.004191427,2.910130925,2176,2.377638102,Downregulated
SH2D1B,-1.143682751,4.376053692,12.01788071,0.001026032,0.002918382,2.899073281,2179,2.534857921,Downregulated
IQSEC3,-1.314564712,-0.400539158,10.02867863,0.002530452,0.006307004,2.892274893,2180,2.200176885,Downregulated
XKR9,-1.256218144,-1.837171778,10.5220018,0.001920503,0.004988614,2.891839402,2182,2.302020088,Downregulated
MS4A1,-1.051663933,6.61224923,13.29817465,0.000588161,0.001830856,2.878767845,2183,2.737345794,Downregulated
TIGD3,-1.117231857,2.37408709,12.16541486,0.000961827,0.002770927,2.857180773,2187,2.557374958,Downregulated
ANGPT1,-1.112218914,1.270129999,12.11811074,0.000982925,0.002819814,2.835913043,2193,2.549779551,Downregulated
KCNH8,-1.092069936,0.239571621,12.40806706,0.000869683,0.002544825,2.833202926,2194,2.594342021,Downregulated
PHEX,-1.378466,0.239233815,9.094879115,0.003880374,0.009129725,2.811439729,2199,2.03954231,Downregulated
SLC16A11,-1.003949518,-1.629539972,13.61521908,0.00050294,0.001599595,2.807032662,2200,2.795989851,Downregulated
LAYN,-1.059570977,-1.620989524,12.42631076,0.00084279,0.002479283,2.760896475,2206,2.605673934,Downregulated
ALS2CL,-1.006446363,2.303013545,13.27007647,0.000595462,0.001848768,2.750736191,2209,2.733117522,Downregulated
RTN4R,-1.000827293,-0.590655189,13.10425893,0.000649384,0.00199161,2.703029954,2218,2.700795605,Downregulated
LPAR3,-1.204715601,-1.305145558,10.16459166,0.002362111,0.005933821,2.68249872,2226,2.226665544,Downregulated
SYTL2,-1.001406055,4.190724572,12.8628368,0.000709601,0.002145103,2.672304037,2228,2.668551906,Downregulated
PTPRK,-1.01823186,1.910319736,12.49199617,0.000833988,0.00245742,2.657096994,2231,2.609520581,Downregulated
ZNF483,-1.037565813,2.12028665,12.07786402,0.000999615,0.002856839,2.639685905,2237,2.544114189,Downregulated
CYP2S1,-1.03269722,2.165189414,12.14758532,0.000969451,0.002788969,2.63808319,2238,2.554556302,Downregulated
TCEA3,-1.084350601,2.236793958,11.24594755,0.001445196,0.003909824,2.610945763,2242,2.407842776,Downregulated
P2RY14,-1.146929114,3.316473834,10.42812012,0.002089102,0.005348221,2.605582878,2244,2.271790686,Downregulated
DPYSL4,-1.1821335,-0.532878512,9.933387315,0.002644915,0.006542275,2.582100131,2248,2.184271176,Downregulated
KRT72,-1.254939576,1.571258755,9.128589612,0.003806501,0.008975908,2.568762948,2252,2.046921619,Downregulated
KLRC1,-1.064023686,2.501190348,11.27124801,0.001428836,0.00387287,2.566390123,2254,2.4119671,Downregulated
MEOX1,-1.009086705,0.755596234,11.95440528,0.001057633,0.002999344,2.545899246,2257,2.522973727,Downregulated
GNLY,-1.009113072,7.658504299,11.8912883,0.001084867,0.003068087,2.536034631,2258,2.513132275,Downregulated
ZNF462,-1.038497887,-1.634354013,11.29475838,0.001390711,0.003788143,2.514799161,2260,2.421573691,Downregulated
HPGDS,-1.018265959,-1.565594669,11.55786342,0.001243678,0.003437794,2.508722319,2261,2.463720108,Downregulated
KLRF1,-1.070964494,4.702718055,10.64054925,0.001897076,0.004935908,2.470321954,2265,2.306632916,Downregulated
MYBPH,-1.240496159,0.469253452,8.740523534,0.004577885,0.010492765,2.455078401,2268,1.979110038,Downregulated
LINGO2,-1.230001986,-0.294329311,8.568167845,0.004986516,0.011265804,2.396336369,2275,1.948237804,Downregulated
PPP1R3G,-1.056232319,-1.988390225,10.07287683,0.002332838,0.005868507,2.356953209,2280,2.231472343,Downregulated
HTR6,-1.184154454,-1.087347141,8.626538016,0.004850882,0.011018377,2.318435116,2289,1.957882359,Downregulated
CEACAM19,-1.005689442,-0.21566918,10.33850454,0.002192606,0.005565519,2.267321181,2295,2.254494366,Downregulated
MCOLN3,-1.077934144,-1.381678125,9.259229584,0.003582253,0.008508665,2.231473025,2302,2.07013855,Downregulated
MS4A2,-1.280817519,1.61917444,7.398584133,0.00870691,0.018195209,2.22867751,2303,1.740042963,Downregulated
HDC,-1.356064274,2.514027491,6.83801813,0.011475984,0.023067757,2.21986994,2304,1.636994634,Downregulated
TRAT1,-1.012995823,4.672257184,9.878072407,0.002686717,0.006627389,2.206970997,2307,2.178657549,Downregulated
LRFN2,-1.095330204,-1.777634408,8.826769818,0.004286039,0.009917559,2.194598354,2310,2.003595212,Downregulated
EPHX4,-1.120779539,-1.828612334,8.105796899,0.006033752,0.013274253,2.103691867,2322,1.876989893,Downregulated
NR4A1,-1.008366798,1.613210293,9.085367421,0.003884042,0.009136225,2.056295056,2327,2.039233203,Downregulated
CACNG8,-1.208805441,-0.512780229,7.087567403,0.010198153,0.020858735,2.031653846,2329,1.68071203,Downregulated
CCL20,-1.04580645,-2.177477391,8.225579582,0.005512101,0.012286804,1.998077105,2333,1.910561084,Downregulated
HLA-DQA1,-1.030243813,5.367141027,8.307861421,0.005608715,0.012471727,1.961659839,2342,1.9040734,Downregulated
SEMA5A,-1.079778222,-0.689656344,7.784909065,0.007263063,0.015577359,1.951705787,2344,1.807506159,Downregulated
FBXO7,-1.016931256,8.832213123,8.172872591,0.005982927,0.01317052,1.912234562,2347,1.880397079,Downregulated
EREG,-1.01239204,0.947791239,8.156280845,0.006036435,0.01327812,1.900121576,2348,1.876863409,Downregulated
HRH4,-1.115030009,1.511409823,7.154544055,0.00981505,0.020150819,1.890764512,2349,1.695707288,Downregulated
GDF7,-1.065722567,1.108467345,7.581453885,0.007966344,0.016851385,1.889914467,2350,1.773364405,Downregulated
SHISA2,-1.06928854,-1.853848922,7.380384159,0.008595554,0.017996589,1.865705136,2352,1.744809812,Downregulated
CCN2,-1.116204246,-1.96967163,6.897095507,0.010842731,0.021973458,1.850780041,2354,1.658101595,Downregulated
GYPC,-1.144355059,8.50053193,6.29689563,0.015048845,0.02910742,1.757725122,2364,1.535996287,Downregulated
CCN3,-1.053248057,2.605451247,6.606140984,0.012882525,0.025515379,1.678032678,2371,1.593197981,Downregulated
MKRN3,-1.008507073,-1.712093904,6.798460418,0.011578579,0.023244666,1.647574503,2377,1.633676696,Downregulated
SHD,-1.009571951,-1.890070667,6.690955283,0.012109654,0.02416876,1.632221039,2379,1.616745629,Downregulated
NXPH4,-1.027568431,-1.23839772,6.403552566,0.01430425,0.027866381,1.597786121,2387,1.554919432,Downregulated
GSDMA,-1.041343686,-0.62164791,6.145265738,0.016325885,0.031211315,1.567938622,2389,1.505687934,Downregulated
AKAP12,-1.063698493,1.265074952,5.96337333,0.01783289,0.033697138,1.566197085,2390,1.472406979,Downregulated
SDC2,-1.053001439,1.070583474,5.904802127,0.018377062,0.034588712,1.538504183,2393,1.461065604,Downregulated
STOX1,-1.004454957,-1.021363807,5.927461388,0.018233954,0.034359936,1.470469477,2396,1.463947652,Downregulated
ZFY,-1.015101884,3.67860366,5.39990199,0.023835295,0.043288613,1.384219655,2401,1.363626328,Downregulated
