Gene Symbol,logFC,logCPM,F,PValue,BH_adjusted_p-value,MAS_Score,MAS_rank,#NAME?,Category,-log10(P)
OTOF,7.2064520320000005,6.420714133,53.92960708,2.2e-09,8.249e-08,51.047614219516404,1,5.845109831,Upregulated,7.083598696396124
IFI27,7.754856947,6.070012618,47.11072763,1.2099999999999999e-08,2.944333333333333e-07,50.64707172230662,2,5.2722849830000005,Upregulated,6.531013024282757
SIGLEC1,4.836896928,8.273598938,88.63973493,1.75e-12,2.555e-10,46.39846146567038,3,8.23662184,Upregulated,9.59260909552927
IFI44L,4.676575338999999,10.840793,69.99480374,6.17e-11,6.005466666666667e-09,38.4482454693621,4,6.9317868439999994,Upregulated,8.221453239238002
LY6E,3.702443127,8.378503809,94.73741693,6.059999999999999e-13,1.7695199999999999e-10,36.10676046782102,5,8.395487679,Upregulated,9.752144524385296
TMPRSS2,4.648225267,-1.877232786,48.60307022,8.050000000000001e-09,2.1369090909090913e-07,31.004657034219957,6,5.418084616,Upregulated,6.670213953341938
FBXO39,3.70274723,1.42095579,67.90371557,9.88e-11,7.446000000000001e-09,30.09621447892434,7,6.8233796589999995,Upregulated,8.128076968117627
IFI44,3.6530876389999998,9.998906781,63.36288382,2.52e-10,1.47168e-08,28.611664099025923,8,6.554278253,Upregulated,7.832186612106057
EPHB2,2.87805837,3.560314008,97.45525648,3.84e-13,1.7695199999999999e-10,28.06724117385677,9,8.395487679,Upregulated,9.752144524385296
RSAD2,4.499251288,10.19302853,42.86575758,3.63e-08,6.624750000000001e-07,27.800111113225338,10,4.950020911,Upregulated,6.178830506171394
OAS3,3.8057576460000004,10.66536136,56.92462186,1.0800000000000002e-09,5.256000000000001e-08,27.70342153467242,11,6.02065052,Upregulated,7.279344643448275
OAS1,3.504661139,9.173617451,63.59858131,2.39e-10,1.47168e-08,27.449160052844164,12,6.554278253,Upregulated,7.832186612106057
CMPK2,3.753183673,8.118872949,53.78879155,2.26e-09,8.249e-08,26.58604697339802,13,5.845109831,Upregulated,7.083598696396124
SPATS2L,4.535720207,6.506669176,36.85506231,1.95e-07,2.0335714285714288e-06,25.816142709689007,14,4.443823622,Upregulated,5.691740568531283
USP18,4.500603873999999,6.22472251,32.6719871,6.78e-07,4.212255319148936e-06,24.19293002260873,15,4.124733231,Upregulated,5.375485312620236
SMTNL1,3.950362236,6.342586364,39.25836609,9.82e-08,1.246713043478261e-06,23.32386103821473,16,4.670038078999999,Upregulated,5.904233496782225
SERPING1,4.299462448,8.149299936,33.27845899,5.64e-07,3.829953488372093e-06,23.289356135467884,17,4.171155713,Upregulated,5.416806500147826
ISG15,4.2204513839999995,5.87370203,34.33117345,4.1e-07,3.1889473684210524e-06,23.19708914212945,18,4.2592142719999995,Upregulated,5.496352648456299
C1QC,4.356368755,1.164918398,30.39276063,1.34e-06,6.688547008547009e-06,22.542762934845655,19,3.9277503439999997,Upregulated,5.174668216268954
EPSTI1,3.0101369460000003,8.376611681,51.701896600000005,3.75e-09,1.1526315789473683e-07,20.885261726930146,20,5.683319895,Upregulated,6.93830948611271
HES4,3.481230458,-0.563759296,37.96126405,1.11e-07,1.3505e-06,20.433101011827922,21,4.632503941,Upregulated,5.86950541147653
MX1,3.3267604439999996,10.13687941,40.72003712,6.530000000000001e-08,9.079809523809525e-07,20.100031313739734,22,4.802270742,Upregulated,6.041923262010427
IFIT3,3.249792539,11.16090782,41.55302712,5.19e-08,7.976210526315789e-07,19.81789588350801,23,4.860489745,Upregulated,6.098203391655953
IFIT1,3.5794135810000003,10.53574667,34.50792185,3.89e-07,3.1996619718309858e-06,19.66850501164692,24,4.264298073,Upregulated,5.4948959002809685
XAF1,2.722252143,10.21354481,52.71761813,2.92e-09,1.0031058823529411e-07,19.052098733928677,25,5.7530895289999995,Upregulated,6.998653222817456
HESX1,4.945913063,2.670496922,19.17206443,6.48e-05,0.00014226766917293236,19.026402216518505,26,2.739281415,Upregulated,3.846893783648074
OAS2,3.050351585,9.956747801,43.64247421,2.9500000000000003e-08,5.940689655172414e-07,18.99198658673135,27,4.986969684,Upregulated,6.2261631348083935
AGRN,2.891391151,2.705884163,46.59937301,1.3600000000000001e-08,2.94162962962963e-07,18.884866885421992,28,5.288039006,Upregulated,6.53141200867637
IFITM3,3.0740754480000003,9.288425519,41.30830187,5.55e-08,8.310769230769231e-07,18.69148163076583,29,4.839925653,Upregulated,6.080358776791424
EIF2AK2,2.582364628,8.658094516,54.93262948,1.7199999999999999e-09,7.174857142857143e-08,18.448895137484943,30,5.92014529,Upregulated,7.14418674165829
JUP,2.805003521,5.053380239,43.88699314,2.76e-08,5.756571428571428e-07,17.502762237034624,31,5.00372317,Upregulated,6.239836102164602
HERC5,3.2127136739999997,8.76527123,32.97290495,6.18e-07,4.010133333333333e-06,17.33850547864627,32,4.148071399,Upregulated,5.39684118723811
MT2A,3.596583617,4.98695235,26.76185175,4.45e-06,1.732533333333333e-05,17.124479756221827,33,3.554981623,Upregulated,4.761318400962351
IRF7,2.5978268719999997,5.95011718,46.80450932,1.28e-08,2.9199999999999997e-07,16.97580402673931,34,5.282387531,Upregulated,6.534617148551582
DDX60,2.576291951,8.233854797000001,46.7669711,1.3e-08,2.9199999999999997e-07,16.83508156268001,35,5.28840585,Upregulated,6.534617148551582
TRIM6,2.9347957439999997,2.8264321839999997,37.36280539,1.69e-07,1.8621886792452828e-06,16.816310110919506,36,4.4883886539999995,Upregulated,5.7299763178747165
ERICH3,4.316288328,2.717171175,19.41895382,5.9e-05,0.00013201532567049806,16.744503831909416,37,2.76787233,Upregulated,3.8793756485837374
OASL,2.903116783,8.102119187000001,34.67930362,3.7e-07,3.131594202898551e-06,15.979435611296369,38,4.263021757,Upregulated,5.504234519557861
AXL,3.1809428019999997,2.322576014,28.78958645,2.3e-06,1.0143157894736842e-05,15.88507745830874,39,3.763471811,Upregulated,4.993826813962542
C1QB,3.5179156810000003,2.562374293,24.38033316,9.99e-06,3.2808988764044946e-05,15.77435908498195,40,3.288984251,Upregulated,4.484007155196495
IFI6,3.011632055,7.7922324110000005,30.88329049,1.18e-06,6.152857142857143e-06,15.693383249648848,41,3.966494814,Upregulated,5.210923168251656
DEFB1,5.237377071,-1.102837085,12.35725633,0.000927478,0.0012714721877934273,15.165836830686967,42,1.96793431,Upregulated,2.895693135150048
RNASE1,2.86165033,1.43783684,31.49405905,9.83e-07,5.573514563106796e-06,15.03474127961141,43,4.011075088,Upregulated,5.253870859760637
LAMP3,3.9407944930000003,5.4176473,18.91211261,7.099999999999999e-05,0.00015357037037037034,15.02897867126009,44,2.7131217110000003,Upregulated,3.8136925683275127
SPIC,3.6586691960000004,-2.423751276,20.66732364,3.02e-05,8.016727272727272e-05,14.985919603123698,45,2.954712186,Upregulated,4.096002890752656
PHF24,-2.380274628,-0.27981363600000003,43.07429598,3.75e-08,6.492705882352941e-07,14.728126043967109,46,4.952765278999999,Downregulated,6.187574270092631
ANKRD45,3.821500186,-1.48365154,18.500832199999998,6.43e-05,0.00014170264150943396,14.707509894823264,47,2.7402929589999996,Upregulated,3.8486220539001863
PLSCR1,2.473154911,8.561523187,39.05360995,1.04e-07,1.2922553191489363e-06,14.563547800599268,48,4.652051411,Upregulated,5.888651671524538
RUFY4,2.8599987689999997,5.109155925,28.76766881,2.31e-06,1.0143157894736842e-05,14.282338540532061,49,3.7645025469999998,Upregulated,4.993826813962542
IFIT2,2.850453305,11.45068374,28.50109993,2.52e-06,1.0742189781021898e-05,14.163637891366916,50,3.745170644,Upregulated,4.968907179262463
C2,2.766398938,4.504518285,28.59360178,2.44e-06,1.0477647058823529e-05,13.775937031800286,51,3.751072013,Upregulated,4.979736234919089
HERC6,2.433549412,7.098837027,35.40957712,2.98e-07,2.71925e-06,13.544043029611432,52,4.316667299,Upregulated,5.565550862795233
NTNG2,2.373969329,5.558625853,36.9414239,1.9e-07,2.0174545454545458e-06,13.520221199788562,53,4.448639036,Upregulated,5.695196241429016
DHX58,2.272082611,6.343296209,38.68309363,1.1599999999999999e-07,1.3548799999999998e-06,13.332806079228872,54,4.6270527580000005,Upregulated,5.868099167996701
EXOC3L1,3.091365515,-0.765969346,22.33489155,1.87e-05,5.433233830845771e-05,13.18449339738829,55,3.106390747,Upregulated,4.26494160377159
ZCCHC2,1.942542235,8.755173577,49.76072491,6.06e-09,1.76952e-07,13.116325915442424,56,5.509339378,Upregulated,6.7521445243852956
KIF18B,2.248884136,0.301903028,38.34642587,1.3e-07,1.4886274509803922e-06,13.104729069230203,57,4.581173415,Upregulated,5.8272139766787
TRPV4,1.943154175,0.30481240000000004,48.44076441,8.71e-09,2.211582608695652e-07,12.932267828652268,58,5.398900009,Upregulated,6.6552968338975305
LGALS3BP,2.47465486,5.514871889,29.88486412,1.62e-06,7.69170731707317e-06,12.655328655108319,59,3.8697435980000003,Upregulated,5.113977249784368
ZBP1,2.136377619,8.086608466,39.42329182,9.37e-08,1.2160177777777777e-06,12.63680196092651,60,4.683025992,Upregulated,5.915060075775166
RPL7,-1.2893002709999999,9.298160376,91.6162981,1.04e-12,2.0245333333333333e-10,12.49805789255607,61,8.338728375,Downregulated,9.693675068308483
IFIH1,2.3115717559999998,7.959030007999999,32.97654774,6.18e-07,3.985318681318681e-06,12.481417097614758,62,4.146182213,Upregulated,5.399536945032114
PLVAP,3.0543119639999996,1.058533485,20.61564906,3.81e-05,9.549527896995707e-05,12.27838937294485,63,2.889417589,Upregulated,4.020018098238
SLC12A8,2.582115635,0.282237739,25.98884416,5.85e-06,2.13525e-05,12.059903456945236,64,3.46580363,Upregulated,4.6705512694613445
CCL2,4.472671799,5.282827956,11.16630275,0.001619455,0.0020295315879828323,12.04313480348911,65,1.79930705,Upregulated,2.6926041848591966
NKAIN1,4.440981119,-2.347318888,11.17223062,0.001618713,0.0020295315879828323,11.957804345900078,66,1.79930705,Upregulated,2.6926041848591966
CCL8,4.740853294,2.189634868,10.06789585,0.002635513,0.003078279184,11.90756326542588,67,1.653151838,Upregulated,2.5116919944550977
ADAMTS5,-2.245566826,-0.036392188,31.44366867,1.03e-06,5.674716981132076e-06,11.780368857110139,68,4.00239353,Downregulated,5.246055793447199
ANGPT1,-1.9403585890000001,2.069744827,41.09712938,5.9000000000000006e-08,8.614e-07,11.767877326014228,69,4.82214824,Downregulated,6.064795132573419
PTPRU,2.839834481,-0.123029759,20.45052841,4e-05,9.881181434599156e-05,11.374079863398132,70,2.87977841,Upregulated,4.005191126277522
CXCL10,4.3785716169999995,5.237291014,10.4712949,0.002198499,0.0026256102576687115,11.300085131811075,71,1.70867013,Upregulated,2.5807697395968106
VSIG10L,1.995938174,0.60434658,36.28638623,2.3399999999999998e-07,2.2775999999999996e-06,11.262126146939838,72,4.39461913,Upregulated,5.642522545861102
CDC45,1.822562148,0.9507963159999999,43.06171864,3.48e-08,6.668903225806452e-07,11.256044650774815,73,4.951518293,Upregulated,6.175945584696086
SLC8A2,2.871309737,-2.237258201,18.82739056,5.3700000000000004e-05,0.00012395573122529646,11.217441617872161,74,2.7949483880000003,Upregulated,3.906733388363863
HRK,-2.008543801,-1.160579212,34.71008456,3.7799999999999997e-07,3.1535999999999998e-06,11.049387887742125,75,4.267058711000001,Downregulated,5.501193393064632
CLSPN,1.489953719,2.5372346709999998,58.55489223,7.399999999999999e-10,3.9287272727272726e-08,11.034221950860463,76,6.153513441,Upregulated,7.4057481183148495
CACNA1A,2.031075914,2.679066664,32.96098522,6.21e-07,3.985318681318681e-06,10.966869435807869,77,4.148071399,Upregulated,5.399536945032114
KIT,-1.5763093590000001,1.701857476,51.83003656,3.65e-09,1.1526315789473683e-07,10.936922178597946,78,5.683319895,Downregulated,6.93830948611271
FAP,2.965183091,-0.419179284,17.77865045,0.00010666299999999999,0.00021332599999999998,10.8850572812937,79,2.5867082040000002,Upregulated,3.6709562098651864
SHISA5,1.48975464,8.642634886,56.537873499999996,1.18e-09,5.300923076923077e-08,10.838931108738143,80,6.00954623,Upregulated,7.275648497888312
KLHDC7B,1.952790781,2.6995255869999997,34.82627369,3.5399999999999997e-07,3.074588235294117e-06,10.76419880536948,81,4.27256865,Upregulated,5.512213038949962
PARP9,1.79218583,9.723831275,39.84419644,8.33e-08,1.1056181818181818e-06,10.674966408567746,82,4.719539402,Upregulated,5.956394827967
IL17RD,3.056520765,-2.003588573,15.93354761,0.000181263,0.0003297744299065421,10.642142105261845,83,2.435331578,Upregulated,3.481783021769147
DRAP1,1.713785136,5.838428704,41.70124658,4.98e-08,8.018162162162162e-07,10.447105937380957,84,4.861061339,Upregulated,6.0959251646706765
NEXN,2.467246442,5.500122202999999,22.32069642,2.0399999999999998e-05,5.868768472906403e-05,10.4400374164119,85,3.073987872,Upregulated,4.231453023374915
MKI67,1.892431688,4.827673034,33.96759952,4.5799999999999995e-07,3.3093333333333332e-06,10.371016710202339,86,4.236404245,Upregulated,5.480259486228989
HELZ2,1.8385542590000001,6.437341968999999,36.2695189,2.3100000000000002e-07,2.2964067796610168e-06,10.367517707618072,87,4.391770246,Upregulated,5.638951179638845
PARP12,1.7856667380000002,8.013764775,37.92051935,1.44e-07,1.6172307692307691e-06,10.34120321967968,88,4.545882751000001,Upregulated,5.7912280044271505
PARP14,1.9531782290000002,10.41661128,31.12648924,1.09e-06,5.894074074074074e-06,10.214310417177348,89,3.984289139,Upregulated,5.229584410433927
RNF150,4.1719385860000004,-2.040715067,9.458031636,0.0033476409999999997,0.0037380924359464627,10.126754974636432,90,1.5832123,Upregulated,2.427349963544365
CD177,4.025209943999999,5.433877087000001,10.03712706,0.002667763,0.0030912174444444446,10.102755471091298,91,1.650070229,Upregulated,2.5098704444349598
TMEM255A,2.576461117,3.39470331,19.78422578,5.13e-05,0.00012031807228915662,10.098875117501501,92,2.80832331,Upregulated,3.9196691348715205
CCL1,3.741049572,-2.140453014,10.93625858,0.001652152,0.00204418806779661,10.06147482703937,93,1.793500881,Upregulated,2.6894791510769562
SAMD9L,2.061024109,10.09289942,27.65219744,3.32e-06,1.3504999999999999e-05,10.036168051959093,94,3.6580004760000002,Upregulated,4.86950541147653
ANKUB1,-1.8274916719999998,0.34174253299999996,34.23760043,4.32e-07,3.241948717948718e-06,10.031456063726708,95,4.248842378,Downregulated,5.489193859224716
KIFC1,1.76776335,1.385128809,36.39815264,2.24e-07,2.295017543859649e-06,9.968795814728656,96,4.39044556,Upregulated,5.6392139902259295
RPS23,-1.1101317179999999,9.325275547999999,79.38912625,9.579999999999999e-12,1.1189439999999999e-09,9.937001762502543,97,7.603144637000001,Downregulated,8.951191648145075
HMMR,1.7312942530000002,0.6277829420000001,37.15008816,1.8100000000000002e-07,1.957481481481482e-06,9.882751031891255,98,4.463374236,Upregulated,5.708302337841385
MCM10,1.95407119,0.449812145,29.45880665,1.88e-06,8.78336e-06,9.880446985494835,99,3.8185263989999996,Upregulated,5.056339316631977
FBXO6,1.7981213109999998,4.664735631,33.53515591,5.21e-07,3.622190476190476e-06,9.783629687373146,100,4.193014069,Upregulated,5.441028715649957
PARP10,1.730896489,6.69346667,36.16774491,2.3800000000000001e-07,2.2785573770491804e-06,9.76630654912832,101,4.391699486,Upregulated,5.642340030841855
CDK18,1.600289708,2.208880933,41.636296200000004,5.08e-08,7.976210526315789e-07,9.758892124957715,102,4.861061339,Upregulated,6.098203391655953
HTR3A,-1.577024173,-2.057993516,40.62989153,4.13e-08,6.8912e-07,9.71715796148047,103,4.923988163,Downregulated,6.161705145581475
TYMP,1.757302828,8.101643178,34.86908286,3.4899999999999996e-07,3.1146666666666666e-06,9.676743411799052,104,4.269312139,Upregulated,5.506588424951338
IFIT5,1.984621826,7.282029771,27.61455716,3.36e-06,1.352e-05,9.66316992914222,105,3.6555668669999997,Upregulated,4.869023308394383
CFB,2.401107945,1.771076616,20.45531856,4.01e-05,9.881181434599156e-05,9.616896234548456,106,2.87977841,Upregulated,4.005191126277522
CES1,1.965329919,5.97391442,27.54672265,3.44e-06,1.3574054054054055e-05,9.56583149811213,107,3.652305189,Upregulated,4.867290425711028
JPH4,1.545402781,1.175976592,42.98697586,3.54e-08,6.624750000000001e-07,9.54878184756491,108,4.951518293,Upregulated,6.178830506171394
TICRR,1.625065108,-0.019596673000000002,38.836547100000004,1.14e-07,1.3548799999999998e-06,9.536043208195268,109,4.6270527580000005,Upregulated,5.868099167996701
ARHGAP23,1.705542066,-0.180676795,35.71548559,2.81e-07,2.604825396825397e-06,9.524124473601447,110,4.335986397,Upregulated,5.584221382436103
VWA3B,3.2554399239999996,-1.816485214,12.25380342,0.0008871780000000001,0.0012219621509433963,9.48290848303208,111,1.981419536,Upregulated,2.912942245722757
IQGAP3,1.6746510380000001,-0.363228536,36.39654976,2.3199999999999999e-07,2.2775999999999996e-06,9.449256238364697,112,4.39461913,Upregulated,5.642522545861102
RD3L,2.181816767,-2.2724943019999997,22.190993,1.55e-05,4.714583333333333e-05,9.43975391526354,113,3.156058203,Upregulated,4.326556683420859
ENTPD2,-2.01359155,-1.247244477,25.93852695,5.89e-06,2.136496894409938e-05,9.404072053433044,114,3.468690423,Downregulated,4.670297734132348
SDC2,-1.667977772,0.358563291,34.21840306,4.3299999999999997e-07,3.241948717948718e-06,9.155853343385722,115,4.248842378,Downregulated,5.489193859224716
IFI35,1.954605711,7.040433071,26.01362971,5.72e-06,2.100930817610063e-05,9.1428407040585,116,3.473710604,Upregulated,4.677588248415028
RTP4,2.336665785,5.2775335530000005,19.67003174,5.3500000000000006e-05,0.00012395573122529646,9.128730239706956,117,2.795950796,Upregulated,3.906733388363863
HJURP,1.749567281,0.916497385,30.55934993,1.31e-06,6.652521739130434e-06,9.057533778584329,118,3.9314488439999997,Upregulated,5.177013697585448
E2F8,1.829492436,0.25420285800000003,28.33837333,2.69e-06,1.1301870503597122e-05,9.050224059037399,119,3.727247333,Upregulated,4.946849673139288
PML,1.798623343,6.8245731560000005,29.08145507,2.09e-06,9.535624999999999e-06,9.030259791445427,120,3.784815805,Upregulated,5.020650836424415
RPS17,-1.1092437259999999,5.3944519920000005,67.59067678,1.0200000000000001e-10,7.446000000000001e-09,9.016018381329578,121,6.8233796589999995,Downregulated,8.128076968117627
NRXN1,-1.7117866169999998,-1.57695477,31.1273619,1.03e-06,5.674716981132076e-06,8.98012809925823,122,4.002399472,Downregulated,5.246055793447199
NID1,1.449517664,5.0395852539999995,42.72086151,3.78e-08,6.492705882352941e-07,8.968998201811175,123,4.952765278999999,Upregulated,6.187574270092631
TRIM22,1.6664844330000002,10.46425542,32.70723132,6.709999999999999e-07,4.212255319148936e-06,8.958162593301763,124,4.123839133,Upregulated,5.375485312620236
KIAA1958,1.736881928,4.533738431000001,29.92481765,1.6e-06,7.659016393442622e-06,8.885587464648808,125,3.8725092269999997,Upregulated,5.115827000906424
RSPH14,-1.7559530140000001,-1.6685194559999998,28.862356800000004,2.02e-06,9.362539682539685e-06,8.829996438851841,126,3.7919330789999997,Downregulated,5.028606328558539
NAT8,3.1135414439999995,0.359312095,12.02677382,0.001117717,0.0014902893333333333,8.801139159593193,127,1.908670175,Upregulated,2.82672940697596
CCL23,-1.9533101880000001,-0.7471926309999999,24.70087021,9.33e-06,3.131448275862069e-05,8.798206707023184,128,3.3098167110000003,Downregulated,4.5042547574237
ENAM,-1.627106711,-0.833030742,33.2387064,6.110000000000001e-07,4.0548181818181825e-06,8.773405945037327,129,4.143568763999999,Downregulated,5.392028614795215
SAMD4A,2.286494214,5.231783455,19.07106357,6.68e-05,0.0001455641791044776,8.773153649607416,130,2.7292537980000002,Upregulated,3.8369454844408435
NOSTRIN,2.15860739,-2.035226909,20.44303161,3.3600000000000004e-05,8.760000000000002e-05,8.758540621320234,131,2.9220548969999998,Upregulated,4.057495893831919
TCN2,2.4568109540000003,5.221847266,16.879340300000003,0.000154322,0.0002879362555910543,8.698839505658036,132,2.479296221,Upregulated,3.540703647342186
SDC3,2.055868771,3.649744002,22.035156699999998,2.26e-05,6.406990291262136e-05,8.620968951935243,133,3.040474623,Upregulated,4.193345934109353
SCRT2,-1.5685264719999998,-0.789813755,34.70225413,3.95e-07,3.2038888888888885e-06,8.617990371173184,134,4.26252433,Downregulated,5.494322553692409
ETV7,2.5335803390000002,4.473264215,15.91328532,0.000225512,0.000398145087613293,8.614068359433395,135,2.366512964,Upregulated,3.399958638309197
RNF213,1.53767337,11.64245292,35.69186978,2.74e-07,2.5809032258064515e-06,8.592869810968734,136,4.336612864,Upregulated,5.588228279565467
MOV10,1.6330737169999998,7.2002591129999995,30.91377213,1.17e-06,6.155675675675677e-06,8.509496851753587,137,3.963605367,Upregulated,5.210724269928097
CD68,1.673913105,9.429375592000001,28.60609979,2.43e-06,1.0477647058823529e-05,8.335645743074421,138,3.751072013,Upregulated,4.979736234919089
TREX1,1.617443398,4.205127706,30.12557428,1.5e-06,7.2999999999999996e-06,8.308284527555692,139,3.892932555,Upregulated,5.136677139879544
RRM2,1.639502969,3.253021931,29.15243686,2.04e-06,9.380787401574803e-06,8.243028605593288,140,3.7894357739999998,Upregulated,5.027760706417658
TGM2,2.505713928,2.27864287,15.05114181,0.000318385,0.0005237657464788733,8.220903882459982,141,2.270185298,Upregulated,3.2808629072121205
BRCA2,1.754259323,4.286366758,26.08694213,5.58e-06,2.0624810126582278e-05,8.219775098199033,142,3.482449335,Upregulated,4.685610040904445
ANXA10,2.254265213,-0.817271938,17.54107647,0.000119617,0.0002320808239202658,8.192812993073574,143,2.5548212269999997,Upregulated,3.6343607423948536
LIF,2.105950241,0.662231759,19.46825086,5.7999999999999994e-05,0.00013027692307692306,8.181895740055852,144,2.77422198,Upregulated,3.885132507295481
ASPM,1.578289696,2.2475987230000003,30.47272522,1.34e-06,6.688547008547009e-06,8.16712552595599,145,3.9277503439999997,Upregulated,5.174668216268954
UBE2L6,1.8247345640000001,8.694169267000001,23.69082101,1.26e-05,3.9775135135135135e-05,8.029540692037418,146,3.22229681,Upregulated,4.400388336173052
KCND1,1.525038677,4.06951231,31.23408957,1.06e-06,5.785420560747663e-06,7.987641801766491,147,3.9957346019999997,Upregulated,5.23766506530804
NEIL3,1.46572275,-1.190273372,33.37007023,5.8e-07,3.893333333333333e-06,7.92908871856914,148,4.162386696,Upregulated,5.409678411943282
ABCA1,1.44560932,8.013583615,33.95969738,4.5899999999999997e-07,3.3093333333333332e-06,7.922314189311038,149,4.236404245,Upregulated,5.480259486228989
CCL4L2,-2.072266387,-0.820773121,18.94717352,7.209999999999999e-05,0.0001553741697416974,7.892477650146241,150,2.7071039519999998,Downregulated,3.8086211790425772
CTSL,1.931494381,4.928953342,21.05920794,3.21e-05,8.482533936651583e-05,7.86402991472056,151,2.936681927,Upregulated,4.071474394167839
APOBEC3A,1.7535366469999998,6.374789337999999,24.17794541,1.07e-05,3.452375690607735e-05,7.82407351403833,152,3.271628624,Upregulated,4.461881950071575
GRN,1.307021299,8.624461109,40.11925607,7.71e-08,1.0471255813953486e-06,7.815988976200219,153,4.737643594,Upregulated,5.98000123041623
CCDC125,-1.1685283709999998,5.443241809,48.71461207,7.879999999999998e-09,2.1369090909090913e-07,7.794334245120124,154,5.418084616,Downregulated,6.670213953341938
RGL1,1.7694950619999998,3.8385684739999997,23.49695134,1.3500000000000001e-05,4.216042780748664e-05,7.741708982229965,155,3.19912247,Upregulated,4.375094990929093
TNR,-1.660591022,-2.234171211,24.556520199999998,6.45e-06,2.282909090909091e-05,7.707652130234244,156,3.442206725,Downregulated,4.641511382466239
GPR183,-1.3874600680000002,5.2033070619999995,34.79065695,3.5799999999999995e-07,3.074588235294117e-06,7.647975477852003,157,4.27256865,Downregulated,5.512213038949962
GBP1,1.93239083,9.221738582999999,19.78483908,5.13e-05,0.00012031807228915662,7.574332692859759,158,2.80832331,Upregulated,3.9196691348715205
FBXO43,1.601840489,-1.4879833480000002,26.43982446,5.02e-06,1.8914064516129034e-05,7.565837239759196,159,3.5206682110000003,Upregulated,4.7232151339128725
ACVRL1,1.512977138,1.003258385,28.74020077,2.34e-06,1.0198208955223881e-05,7.55198921485689,160,3.765062794,Upregulated,4.991476093842265
KLF10,1.7312972130000002,7.524935937,23.18965907,1.4999999999999999e-05,4.5863874345549736e-05,7.511283618226143,161,3.167555769,Upregulated,4.338529261079647
FRMD3,2.142625119,5.492016941,16.55599064,0.00017508099999999997,0.00032153240251572325,7.483707995076027,162,2.447078088,Upregulated,3.4927752543892523
SKA3,1.6779235890000002,-0.495869441,24.20342713,1.09e-05,3.497582417582418e-05,7.477216862893351,163,3.266061736,Upregulated,4.456232042932052
PABPC3,2.265389543,0.44363440600000004,15.16970747,0.000305166,0.0005048638640226628,7.468594495589936,164,2.280996329,Upregulated,3.296825713117515
FFAR3,1.986411816,1.230097952,18.43500084,8.51e-05,0.0001781304659498208,7.44757793300396,165,2.656627806,Upregulated,3.74926179607661
BST2,1.513779185,7.00765119,27.97652172,2.99e-06,1.2384113475177306e-05,7.42831893787681,166,3.68982807,Upregulated,4.907135077218551
BATF2,2.039023167,4.741209858,17.540212300000004,0.000119506,0.0002320808239202658,7.410545750978425,167,2.554819314,Upregulated,3.6343607423948536
TICAM1,1.6359261809999999,3.290814923,24.518034699999998,9.5e-06,3.1688636363636366e-05,7.3601896719562765,168,3.303951681,Upregulated,4.499096449118004
PDZD7,1.3426381790000002,-0.960830072,34.2612458,4.47e-07,3.3044050632911395e-06,7.358874619214205,169,4.23972342,Upregulated,5.4809067210461055
DDX60L,1.7125422769999998,10.17950438,22.84975005,1.7e-05,5.06530612244898e-05,7.3560443400426285,170,3.134510323,Upregulated,4.295394302865803
LYPD6B,-1.751522873,-2.0462726630000003,21.36288939,2.33e-05,6.573526570048309e-05,7.32522172217003,171,3.033424894,Downregulated,4.1822015773185
PAX3,2.8439177389999997,-2.14726645,10.13985854,0.002284661,0.002711874032520325,7.299570364531618,172,1.6974664659999998,Upregulated,2.5667304874642225
RSPH9,1.801834816,1.135009949,20.580852800000002,3.84e-05,9.583589743589743e-05,7.240622371002756,173,2.887534369,Upregulated,4.018471785930212
LILRB1,1.4046548559999998,7.3027419810000005,30.11325249,1.5e-06,7.2999999999999996e-06,7.2152584882359925,174,3.892932555,Upregulated,5.136677139879544
SAMD9,1.77322064,9.766319433,20.70737579,3.65e-05,9.308296943231441e-05,7.148082512049631,175,2.8984774,Upregulated,4.031129770771014
HRH4,-1.323709456,3.245447159,32.54657047,7.05e-07,4.28875e-06,7.105234567970886,176,4.115166219,Downregulated,5.36766926893577
PKMYT1,1.932005252,-1.6679384169999998,17.77255548,0.000105276,0.00021127554639175256,7.100410582706688,177,2.591598956,Upregulated,3.67515076646732
EXO1,1.340676501,0.31112300800000003,31.88788969,8.74e-07,5.155717171717172e-06,7.089109767621609,178,4.042569691000001,Upregulated,5.287710914850748
MX2,1.5290002059999999,9.527086944,25.54066338,6.7e-06,2.342994011976048e-05,7.079620821647369,179,3.428829813,Upregulated,4.630228821334358
TROAP,1.453163479,0.393680815,27.62369768,3.38e-06,1.3467755102040816e-05,7.077930316993977,180,3.655733661,Upregulated,4.870704789432694
RFPL4A,-2.1692257130000003,-1.721896383,14.63444277,0.000348326,0.0005542844250681199,7.063578808816115,181,2.2522566580000003,Downregulated,3.256267324550248
SIGLEC14,1.5350977680000002,7.320775649,25.20511621,7.51e-06,2.5648187134502924e-05,7.047546853180149,182,3.388453348,Upregulated,4.590943326275586
KIF14,1.2807121209999999,0.7057735159999999,33.5813057,5.18e-07,3.622190476190476e-06,6.968391426841962,183,4.193014069,Upregulated,5.441028715649957
TRIM34,1.265941194,0.009443306,34.36841319,4.15e-07,3.1889473684210524e-06,6.95805923443183,184,4.2589744839999994,Upregulated,5.496352648456299
TNFSF15,1.725931195,1.6234957769999998,20.63436464,3.76e-05,9.49e-05,6.942961733152239,185,2.893132912,Upregulated,4.022733787572707
DTL,1.500676495,1.3979214969999998,25.430329699999998,6.97e-06,2.422904761904762e-05,6.926617958158496,186,3.4136014660000003,Upregulated,4.615663656515454
MMP19,1.300359038,0.337958175,32.06660998,8.259999999999999e-07,4.922285714285714e-06,6.902088849447361,187,4.063361805,Upregulated,5.3078331812597135
STAB1,1.247508804,6.732885033,34.84183879,3.5200000000000003e-07,3.0856119402985074e-06,6.874595236058529,188,4.271977379,Upregulated,5.510658693562639
XKRX,-1.366044698,0.47783900799999995,28.92674671,2.22e-06,9.972923076923077e-06,6.831832049629298,189,3.766087676,Downregulated,5.0011775307437984
ADAMTS14,1.434930331,-0.611832485,26.82026093,4.52e-06,1.7366315789473685e-05,6.830687814335453,190,3.554051587,Upregulated,4.7602923060209905
LAP3,1.660202697,8.024100502000001,21.28182076,2.97e-05,7.92e-05,6.808947514663307,191,2.959719316,Upregulated,4.101274818410507
ENPP1,-1.275418645,-1.4014389269999998,32.40664349,7.629999999999999e-07,4.593731958762886e-06,6.807973452889801,192,4.087491316,Downregulated,5.337834349198965
MS4A4A,2.169940935,4.355806796,14.00782764,0.000486424,0.0007321433402061856,6.803641235089197,193,2.147375892,Upregulated,3.1354038837417466
UBQLNL,1.630038493,2.0136614269999997,21.83420408,2.4299999999999998e-05,6.790047846889951e-05,6.794207723321536,194,3.023289437,Upregulated,4.1681271654003424
IL1RN,1.7593211069999999,8.463681691,19.25212341,6.25e-05,0.0001387832699619772,6.786867735570247,195,2.751267472,Upregulated,3.857662884033283
C1QA,2.192691016,3.374658087,13.72819652,0.000545875,0.0008080608405063291,6.781019624141723,196,2.111548177,Upregulated,3.0925559390998676
CEP55,1.50208054,0.704258908,24.65234128,9.12e-06,3.078658959537573e-05,6.776844270725506,197,3.313096603,Upregulated,4.51163841768798
RPS18,-1.333510977,9.61185836,29.62350461,1.76e-06,8.289032258064517e-06,6.776230922592747,198,3.844431803,Downregulated,5.081496170235686
ELOVL3,1.7796091719999998,-0.048308101,18.87787442,7.269999999999999e-05,0.00015609117647058822,6.774298795667027,199,2.704427045,Upregulated,3.8066216460627613
RIN2,1.936640862,5.78271177,16.40017165,0.000186109,0.00033649429102167183,6.725996900117265,200,2.42651284,Upregulated,3.473022299638571
CA12,1.708443278,-0.647661766,19.90437594,5.01e-05,0.00011845506072874494,6.708110924816833,201,2.8146589730000002,Upregulated,3.9264463802800207
PLEKHS1,1.8823009030000002,-1.467065773,16.94100475,0.00014908399999999998,0.00027905466666666663,6.690282259586867,202,2.4900571,Upregulated,3.5543107103247595
UNC93B1,1.234913485,6.061257638,32.86161013,6.4e-07,4.062608695652174e-06,6.657659413481881,203,4.138933014,Upregulated,5.391195006249268
FOXC1,2.210407394,-0.805419439,13.12794654,0.00070201,0.001007494702702703,6.624054336239493,204,2.04272756,Upregulated,2.9967572286538835
TIMM10,1.857842735,5.049415654,17.034422199999998,0.000145295,0.00027371703225806453,6.6189329259409115,205,2.49838816,Upregulated,3.562698177432608
BCL2L14,2.482391395,0.59500879,10.89639618,0.001828489,0.002238653199161426,6.578369914460834,206,1.76046184,Upregulated,2.6500131799163094
IFIT1B,2.251220702,0.404035906,12.60951052,0.000875243,0.001211236758293839,6.566295163168224,207,1.984213403,Upregulated,2.9167709577895593
NOS1AP,1.906563969,-1.3599305480000001,16.18858224,0.00020151,0.0003620979692307692,6.560818189485843,208,2.399162484,Upregulated,3.4411739108481196
EPS8L1,1.2580669629999999,0.63156573,30.92930669,1.17e-06,6.152857142857143e-06,6.555690284708699,209,3.965648872,Upregulated,5.210923168251656
LILRB4,1.444252335,5.732585863,24.81880702,8.57e-06,2.9098139534883717e-05,6.551323244816272,210,3.33837036,Upregulated,4.536134777871951
RPL9,-1.254205251,8.762648377,31.059545299999996,1.12e-06,6.000733944954129e-06,6.54920349648466,211,3.978297922,Downregulated,5.221795628158042
PAQR5,-1.314726065,-2.217063633,27.34056357,2.63e-06,1.1129855072463767e-05,6.512509355504493,212,3.7333796269999997,Downregulated,4.953510490799079
P2RY6,1.619426,1.8235877130000002,20.53837322,3.8900000000000004e-05,9.667063829787236e-05,6.501518329502939,213,2.8879858539999996,Upregulated,4.014705413833629
FCN2,1.786347076,-1.790032074,17.38106538,0.000121544,0.00023426302310231023,6.4849691029172245,214,2.550157254,Upregulated,3.6302962565586134
GTPBP2,1.222871491,7.4690571,31.5565332,9.56e-07,5.473568627450981e-06,6.434418916205066,215,4.020161751,Upregulated,5.261729432373418
CD300E,1.4924237519999999,9.268811662000001,22.88325428,1.6800000000000002e-05,5.031384615384616e-05,6.414903642437283,216,3.1380409210000004,Upregulated,4.298312482524255
PKD2L1,2.453598188,0.587281525,10.57903115,0.002102582,0.0025265594403292182,6.373148863133671,217,1.721596322,Upregulated,2.59747048000904
TMEM123,1.414179848,10.0784457,24.50192824,9.55e-06,3.1688636363636366e-05,6.3625315325510385,218,3.303336701,Upregulated,4.499096449118004
E2F2,1.3583492990000001,4.1265987189999995,25.75406605,6.24e-06,2.222048780487805e-05,6.320734000799608,219,3.4545408710000003,Upregulated,4.653246411252875
ZNF703,1.465672979,2.8548529960000004,22.99692595,1.6100000000000002e-05,4.871709844559586e-05,6.320448828139659,220,3.1422919410000003,Upregulated,4.312318585863524
ZNF496,1.3332195470000001,3.5325829680000003,26.47730189,4.9e-06,1.858181818181818e-05,6.3073440784877395,221,3.5293118860000003,Upregulated,4.73091179369555
DIAPH3,1.5567765169999999,-1.101014473,20.88776808,3.5100000000000006e-05,9.070088495575223e-05,6.293095451357524,222,2.909499841,Upregulated,4.042388475569178
TSGA10IP,1.754170851,-1.798392811,17.01690155,0.00014049,0.000267251335504886,6.267792987534656,223,2.507965236,Upregulated,3.5730801158630445
IL34,-1.673877368,-1.653039343,18.23823849,8.79e-05,0.00018244822695035457,6.2583937266559015,224,2.645322403,Downregulated,3.7388603527949136
RIN1,1.312523702,2.039701149,26.81869412,4.37e-06,1.7128053691275166e-05,6.255871200085019,225,3.56019154,Upregulated,4.7662919843294524
OR52H1,1.924321041,-2.248686379,14.36424872,0.000366086,0.000573934219839142,6.236989820075776,226,2.236397304,Upregulated,3.241137880420742
PLAC8,1.495808901,8.172127711,21.81878946,2.45e-05,6.813333333333333e-05,6.232497742625675,227,3.022468923,Upregulated,4.166640363256987
RPL3,-1.030339149,9.612375776,40.82455691,6.34e-08,9.030634146341463e-07,6.227660116389187,228,4.806854169,Downregulated,6.044281751725603
DOCK4,1.665034766,5.898565598999999,18.3435905,8.79e-05,0.00018268185053380782,6.224407121099627,229,2.645198042,Upregulated,3.7383045977189084
ADGRE3,-1.240412937,7.060975535,28.99062827,2.15e-06,9.733333333333334e-06,6.216625152277375,230,3.7754627060000003,Downregulated,5.011738403271244
CYBRD1,-1.187286909,5.14320363,30.78627457,1.22e-06,6.3051327433628315e-06,6.1742549584084045,231,3.956269914,Downregulated,5.200305765696272
CEACAM1,1.709292447,7.227042517,17.352145999999998,0.000128484,0.0002460152655737705,6.168901297780514,232,2.533556744,Upregulated,3.6090379435114386
DRC1,1.858364694,0.835589809,15.2367829,0.00029612299999999997,0.0004983741556195965,6.137146238797879,233,2.289492662,Upregulated,3.3024444871410576
IRF5,1.165196835,6.023011016,31.38604823,1.01e-06,5.671538461538462e-06,6.112971128227326,234,4.0068365219999995,Upregulated,5.246299118403738
MYBL2,1.6081868730000002,2.267907456,18.78368475,7.45e-05,0.0001587883211678832,6.109793724712981,235,2.69748061,Upregulated,3.7991814429596955
MSR1,2.2466425780000003,4.882769112,11.30939979,0.0015215,0.001935851851851852,6.0954286186550855,236,1.816352496,Upregulated,2.7131278817306757
RPL5,-1.1083376090000001,8.730371697999999,34.35275678,4.0799999999999995e-07,3.1925333333333333e-06,6.091273385330087,237,4.2592142719999995,Downregulated,5.495864559559565
ABCD1,1.151181263,3.968994215,31.6305718,9.340000000000001e-07,5.4005544554455445e-06,6.063918273684056,238,4.0268345210000005,Upregulated,5.2675616504401495
GSG1L,1.857947895,-1.97176644,14.64036307,0.00034971599999999997,0.0005544359891598916,6.049754412768577,239,2.2510514440000002,Upregulated,3.256148586862592
TTC21A,1.7356176269999999,4.91052493,16.42911403,0.000184008,0.0003337287950310559,6.034059210464415,240,2.42946406,Upregulated,3.4766063196155907
CNGA4,1.5111808919999998,0.24808234699999998,20.29048292,4.29e-05,0.00010482677824267782,6.0137863125905415,241,2.858297206,Upregulated,3.979527761651014
LGALS9,1.1671418690000002,8.369426979,30.12945744,1.5e-06,7.361344537815127e-06,5.990989231703762,242,3.89181486,Upregulated,5.13304285522445
DZIP1L,2.573881622,2.003628903,8.935973837,0.004400287,0.00471516992293578,5.9881424188923145,243,1.506025126,Upregulated,2.3265026517572744
SP100,1.132187027,9.378575834,31.70310626,9.13e-07,5.3319199999999994e-06,5.970153952036271,244,4.0299959869999995,Upregulated,5.273116375353301
PATL1,1.151567062,7.949152698,30.55810349,1.31e-06,6.652521739130434e-06,5.9616784536622305,245,3.9314488439999997,Upregulated,5.177013697585448
SDSL,1.5887059669999999,0.700411023,18.47326893,8.4e-05,0.00017730830324909748,5.9596665042146935,246,2.6584737919999997,Upregulated,3.751270926154137
ATF3,2.080705221,3.432802493,12.23919716,0.00101963,0.0013815868213457078,5.950030046924715,247,1.9394390330000002,Upregulated,2.859621818060846
DDAH1,-1.282501367,-2.18114334,24.64182751,7.02e-06,2.4258461538461536e-05,5.91891918483084,248,3.4124246030000003,Downregulated,4.615136745371469
COLEC12,-1.763210537,-1.8604437569999999,15.39167116,0.000256062,0.0004437394896142433,5.911819099413967,249,2.328955381,Downregulated,3.352871920486922
BUB1B,1.283618724,0.911494405,25.29221897,7.32e-06,2.514635294117647e-05,5.9040364027870975,250,3.396186842,Upregulated,4.599524993207482
PKP2,-1.073539505,-0.021462649,34.49937415,4.01e-07,3.208e-06,5.897774446168007,251,4.260585711,Downregulated,5.493765640387874
SCUBE2,1.6434688290000001,-0.667038986,17.10434816,0.000143872,0.00027191342394822005,5.859902086715457,252,2.500515149,Upregulated,3.5655693514315243
STAT2,1.4392696619999998,9.725717151,20.93894447,3.3600000000000004e-05,8.760000000000002e-05,5.839830743681853,253,2.921984723,Upregulated,4.057495893831919
IL4I1,1.79119576,1.771240874,14.81433851,0.00035032,0.0005544359891598916,5.832399542718266,254,2.2508262980000002,Upregulated,3.256148586862592
CLEC9A,-1.197602823,1.687444578,27.65146591,3.33e-06,1.3504999999999999e-05,5.83173342739807,255,3.6580004760000002,Downregulated,4.86950541147653
CNP,1.188595841,5.560477118,27.9465478,3.02e-06,1.2420281690140844e-05,5.8310949601497155,256,3.689631468,Upregulated,4.905868554313506
PMP22,-1.5114518019999998,0.30493756899999996,19.25769646,6.29e-05,0.00013914242424242423,5.82897498892698,257,2.7493583480000003,Downregulated,3.8565404343121625
CDKN1A,1.602341108,5.601582304,17.54518914,0.000119276,0.0002326383466666667,5.821815907132499,258,2.553758813,Upregulated,3.6333186972898273
NAPA,1.446850498,6.948286337000001,20.62050834,3.77e-05,9.49e-05,5.820294383870998,259,2.892566591,Upregulated,4.022733787572707
CXCL11,2.371085664,-0.206716365,9.621421093,0.0032273040000000003,0.0036314942890173416,5.785246611210902,260,1.593464328,Upregulated,2.439914634484881
MMP17,1.47650089,0.183583635,19.74691875,5.24e-05,0.00012215139442231076,5.777697952186798,261,2.801816132,Upregulated,3.9131015709626817
ESPL1,1.154573118,1.2410822670000001,28.81055308,2.28e-06,1.0164274809160308e-05,5.764695370569188,262,3.7616032089999996,Upregulated,4.992923601542911
CAPG,1.121389052,6.470346566,30.06962489,1.52e-06,7.336198347107438e-06,5.757804535176972,263,3.889707234,Upregulated,5.1345289352592784
SLC6A9,1.7595099019999998,-1.9860854380000001,14.70106985,0.00034355,0.0005505600000000001,5.734586481592677,264,2.253177272,Upregulated,3.259195344723145
EPB41L3,1.3804903769999999,5.930808775,21.58542513,2.6600000000000003e-05,7.225302325581396e-05,5.716809408877155,265,2.99493002,Upregulated,4.141143976172139
ZNF667,-1.273656783,0.21123489199999998,24.27902539,1.04e-05,3.3930726256983245e-05,5.692490343571568,266,3.278096451,Downregulated,4.469406844568713
CLC,-1.520766844,6.8194022510000005,18.302729,8.93e-05,0.00018363098591549297,5.681667102369744,267,2.64353449,Downregulated,3.736054034046092
CDC25A,1.3800578609999998,-0.008567305,21.33706909,2.94e-05,7.875963302752293e-05,5.66333836016301,268,2.962119547,Upregulated,4.103696316080048
TNFSF10,1.816085213,9.885446688,13.88684969,0.000511239,0.0007616417755102042,5.663006341072155,269,2.134723257,Upregulated,3.118249243226537
MAP7,-1.15646472,1.988672786,27.58867598,3.39e-06,1.3467755102040816e-05,5.63279825051394,270,3.655733661,Downregulated,4.870704789432694
PIK3AP1,1.293317815,9.086599253,23.32059357,1.4400000000000001e-05,4.44952380952381e-05,5.6281136304343775,271,3.180000905,Upregulated,4.351686464965595
STAC3,1.192024739,5.230573064,26.34554948,5.12e-06,1.9167179487179488e-05,5.623307318789797,272,3.514209798,Upregulated,4.717441790266231
TMEM51,1.53601683,0.892695235,17.75460251,0.00011033799999999999,0.00021843183728813558,5.622872327388554,273,2.576736995,Upregulated,3.6606840612472675
CDCA2,1.49158955,-0.37303250200000004,18.4996,8.420000000000001e-05,0.00017688057553956837,5.596921087415161,274,2.659826621,Upregulated,3.752319857306027
FAM151A,-1.305270531,-2.186568682,22.10135998,1.76e-05,5.1911111111111114e-05,5.592744431221258,275,3.121789548,Downregulated,4.284739675334982
SP110,1.180897023,9.212468271,26.25563313,5.27e-06,1.9603057324840765e-05,5.559280798118518,276,3.5031135389999997,Upregulated,4.707676190084288
CTSD,1.020357336,7.369269685,33.40137139,5.429999999999999e-07,3.730729411764705e-06,5.538710067501504,277,4.183411223999999,Upregulated,5.428206249013046
IFI16,1.330991419,9.658657984,21.73255115,2.52e-05,6.97478672985782e-05,5.532224662053323,278,3.0103243369999997,Upregulated,4.156469067403749
SLCO2B1,1.882664296,-1.7752598519999998,12.67458144,0.000823296,0.0011530092661870505,5.5315824877742985,279,2.000197649,Upregulated,2.9381672024730947
GRAMD1C,-1.414610347,3.7986846510000003,19.62531785,5.44e-05,0.00012458666666666666,5.52338632235933,280,2.792615688,Downregulated,3.904528433623376
MATN2,-1.253884905,0.317421883,23.76321134,1.24e-05,3.9356521739130436e-05,5.52334205502972,281,3.2272757089999997,Downregulated,4.404983290734902
POLQ,1.160010333,1.5676943909999999,26.73114631,4.51e-06,1.7366315789473685e-05,5.521988263084747,282,3.554051587,Upregulated,4.7602923060209905
CD1C,-1.293850612,3.2259060739999996,22.60462941,1.85e-05,5.4019999999999994e-05,5.5214368685358215,283,3.109441688,Downregulated,4.267445420148568
ADAP2,1.185316615,5.447294314,25.60473792,6.56e-06,2.307855421686747e-05,5.496065888548718,284,3.436407342,Upregulated,4.636791401551996
DTX3L,1.3122621490000002,8.785027691,21.88078317,2.3899999999999998e-05,6.710384615384614e-05,5.4764014080081225,285,3.026989953,Upregulated,4.173252586902224
TCTN1,-1.00300154,2.704072057,33.72933111,4.92e-07,3.5040000000000002e-06,5.471810611582758,286,4.21018383,Downregulated,5.4554359025039565
RPS4Y2,-2.133079738,-1.6041191069999998,10.2969588,0.002304646,0.0027300471886409737,5.468853496502199,287,1.694544997,Downregulated,2.563829846149989
SLC22A31,1.5317944609999998,-2.044985465,16.90815151,0.00014231200000000002,0.0002698383376623377,5.466815656645854,288,2.504531502,Upregulated,3.5688963472794892
BIRC5,1.615506134,0.296067455,15.79368475,0.000237719,0.0004131782619047619,5.466650682892621,289,2.35131872,Upregulated,3.383862535611159
CAMK1D,-1.015953148,6.698578797000001,32.54934391,7.040000000000001e-07,4.28875e-06,5.453300491198154,290,4.115166219,Downregulated,5.36766926893577
PNPT1,1.660112036,6.416519471,14.98155029,0.000327247,0.000532346094707521,5.434884623888107,291,2.264407529,Upregulated,3.273805927570606
TOR1B,1.3378114859999999,6.660717414,20.9501164,3.34e-05,8.786306306306307e-05,5.426422468492969,292,2.9218565819999998,Upregulated,4.056193660526675
TNFSF13B,1.547933358,8.219085458,16.62237167,0.000170592,0.0003142767444794953,5.421927217477907,293,2.454338171,Upregulated,3.502687754260482
UGT2B17,-1.6388967159999999,-1.388124119,15.24673908,0.000295567,0.0004983741556195965,5.412365424747783,294,2.288635143,Downregulated,3.3024444871410576
RRAD,2.012166349,-2.247726196,10.91588536,0.0016454579999999998,0.0020466267574468086,5.410637546734673,295,1.794307818,Upregulated,2.688961352237917
KLF4,1.3413225020000001,6.458584472,20.72190469,3.63e-05,9.297894736842106e-05,5.407696421698075,296,2.8996436930000002,Upregulated,4.031615374851942
TOP2A,1.3286026770000001,3.169833733,20.67499765,3.7e-05,9.394782608695652e-05,5.350433464246241,297,2.8964503219999997,Upregulated,4.027113264838198
CMTM1,1.6172604819999998,2.85920869,15.16043617,0.000304552,0.0005048638640226628,5.331825941866425,298,2.281254422,Upregulated,3.296825713117515
RRAS,1.187187154,2.422880786,24.35815918,1e-05,3.2808988764044946e-05,5.323355693093363,299,3.28969395,Upregulated,4.484007155196495
SPC25,1.447088397,-0.999707505,17.84180409,0.000108992,0.0002165011156462585,5.302913113708305,300,2.581280652,Upregulated,3.6645398613532696
RHBDF2,1.2125927090000002,6.207346299,23.42017924,1.39e-05,4.317872340425532e-05,5.292640019572625,301,3.189052034,Upregulated,4.364730201897185
TPX2,1.272680518,1.992676475,21.62371864,2.62e-05,7.149906542056075e-05,5.276151158838637,302,2.998156025,Upregulated,4.145699634917046
ZNF727,-1.53764602,-0.26398631300000003,16.16724411,0.000207036,0.0003708865766871166,5.275292744470263,303,2.389675402,Downregulated,3.430758884590527
DOC2B,1.921240984,-2.196649169,11.30543131,0.001399565,0.0018003214977973568,5.273133937118444,304,1.841333146,Upregulated,2.7446499325346703
MDK,1.483321506,0.815309343,16.83458471,0.000157429,0.00029186836825396826,5.243264097921744,305,2.474139311,Upregulated,3.534812969887423
PLP2,1.326614403,6.520647478,19.62870003,5.429999999999999e-05,0.00012458666666666666,5.1798036569678,306,2.792615688,Upregulated,3.904528433623376
DAGLA,1.109779104,1.570262106,25.85904384,6.03e-06,2.1737777777777776e-05,5.174661198848595,307,3.4619786280000002,Upregulated,4.66278485529008
NFKBIE,1.352110184,4.965056682,18.72370527,7.62e-05,0.0001618210909090909,5.12580221518524,308,2.688716758,Upregulated,3.7909648753782625
CELA1,-1.285609877,-0.9038865490000001,20.27559938,4.429999999999999e-05,0.00010690578512396692,5.105155269379439,309,2.851979905,Downregulated,3.9709987926449624
APOL6,1.3779836,9.607576039,18.0425051,9.86e-05,0.00019896275862068966,5.100231767999542,310,2.614468979,Upregulated,3.7012282061989286
C15orf48,2.1274548909999997,0.125116914,9.287046496,0.0037575840000000004,0.004086460067039106,5.081750956013189,311,1.555042581,Upregulated,2.3886527406578932
CKAP2L,1.16587653,1.147217133,23.30236626,1.4499999999999998e-05,4.4568421052631574e-05,5.072697013766319,312,3.177826224,Upregulated,4.350972751605455
GPBAR1,1.297210778,3.462733137,19.49105133,5.720000000000001e-05,0.00012947596899224808,5.043310111576113,313,2.77864026,Upregulated,3.8878108300578065
IFI30,1.276637394,8.983824058,19.9762405,4.7799999999999996e-05,0.00011440655737704917,5.031928949151697,314,2.82715551,Upregulated,3.941549082614211
DLGAP5,1.38521865,0.749237151,17.25825576,0.000133587,0.0002549503529411765,4.977844698213211,315,2.5232942780000003,Upregulated,3.593544382479409
PLK1,1.004967358,1.5657380159999998,28.17165143,2.81e-06,1.1721714285714288e-05,4.955502955012572,316,3.711914825,Upregulated,4.931008868660759
AIM2,1.604399451,5.855406545,13.65109452,0.0005635109999999999,0.0008310364242424241,4.942159885755371,317,2.10165464,Upregulated,3.080379940715506
PEG3,-1.4826666069999999,-1.854873077,15.31500852,0.000271074,0.0004642440351906158,4.942103905546785,318,2.311461817,Downregulated,3.333253667556826
ACO1,1.548803798,5.923941934,14.25691479,0.00043919900000000003,0.0006749795157894737,4.910806771752202,319,2.1785581940000003,Upregulated,3.1707094068942885
GADD45B,1.377436247,6.479880747,17.02340565,0.00014591700000000002,0.0002740049131832798,4.906760768971189,320,2.497961499,Upregulated,3.5622416497735663
GPR84,1.994662486,2.307978915,9.726019461,0.0030687920000000003,0.0034732064496124037,4.905412417501946,321,1.60909163,Upregulated,2.4592694011802587
MARCKS,1.176746357,8.550884251,21.67406297,2.58e-05,7.107169811320754e-05,4.881500805247211,322,3.003742102,Upregulated,4.148303307853122
TRIM14,1.026875682,7.54460197,26.56884341,4.75e-06,1.8130718954248367e-05,4.8690183040196935,323,3.5377896860000004,Upregulated,4.741584974080332
CD1B,-1.333370571,-1.533304931,17.62056499,0.00011599,0.00022770708724832213,4.856966912152277,324,2.562835106,Downregulated,3.6426234520157843
KIF15,1.225435735,1.041904276,20.1054522,4.5600000000000004e-05,0.00010959012345679015,4.853005625383282,325,2.843893698,Upregulated,3.9602285838214777
SP140,1.299948365,7.413164824,18.21653501,9.23e-05,0.00018847272727272728,4.841984602945024,326,2.632633868,Upregulated,3.7247514849907315
RHCE,-1.6017457569999998,-0.99474143,13.31256623,0.000659889,0.0009515436444444444,4.839788988647471,327,2.061586754,Downregulated,3.021571287138719
TDRD7,1.2397729309999999,6.448501131,19.58742136,5.5100000000000004e-05,0.0001252077821011673,4.838051052982014,328,2.79049294,Upregulated,3.90236867736711
PDCD1LG2,1.7978712380000001,1.7805395430000002,11.12826219,0.0016471139999999999,0.0020439107261146497,4.83544315255295,329,1.7941901040000001,Upregulated,2.6895380772273914
RPL27,-1.037036182,8.24675289,25.80789553,6.13e-06,2.1962699386503068e-05,4.830840458363129,330,3.456929413,Downregulated,4.658314282773143
ATP6V0C,1.263049429,4.657432322,18.81372162,7.36e-05,0.00015744468864468863,4.8032152899606295,331,2.700785058,Upregulated,3.802871985590858
PLXNB2,1.116281183,6.645316892,22.905640899999998,1.66e-05,4.997113402061856e-05,4.801438814009711,332,3.13878776,Upregulated,4.301280794777772
BUB1,1.169555499,1.776222665,21.31552786,2.9299999999999997e-05,7.875963302752293e-05,4.799500592697463,333,2.962257945,Upregulated,4.103696316080048
DNAAF1,2.313110646,0.132754103,7.559476395,0.008408821,0.008496109799307958,4.789942994347519,334,1.327665047,Upregulated,2.07077988363014
TNFRSF9,-1.115194383,3.2416885210000004,22.77352128,1.74e-05,5.158172588832487e-05,4.781400523720202,335,3.124197732,Downregulated,4.287504130766593
SMIM18,1.456258474,-0.586565416,15.06340042,0.000321173,0.0005249719553072626,4.776329592927988,336,2.2681733040000003,Upregulated,3.2798638965571354
E2F7,1.2237422070000001,0.198922058,19.62455008,5.479999999999999e-05,0.00012501249999999998,4.776322811009491,337,2.7923451260000003,Upregulated,3.903046559715081
NT5C3A,1.7280494219999998,7.964068042999999,11.61687766,0.001331631,0.0017243292771618626,4.7752568625418705,338,1.85683981,Upregulated,2.763379797908275
IL5RA,-1.4346106280000002,4.036986165,15.25503654,0.000293177,0.0004962764289855072,4.740349971637956,339,2.289848885,Downregulated,3.304276351449109
MARCO,1.544754905,4.35077809,13.55279475,0.000586941,0.0008610662857142856,4.734617268736314,340,2.090413675,Upregulated,3.0649634148507943
FGFR4,1.1239739690000001,-0.922128704,22.25387343,2.17e-05,6.212156862745098e-05,4.728286021079893,341,3.054850141,Upregulated,4.20675758646497
LY6G6C,1.449780104,0.40166367700000005,14.89462677,0.000340262,0.0005483309531680441,4.727670923055004,342,2.253943945,Upregulated,3.2609572375915317
SEMA6B,2.0506190380000002,-0.15790942,8.817283300000001,0.004663938,0.004970328087591241,4.723836658072074,343,1.489143391,Upregulated,2.303614942870765
DBN1,1.113008993,3.8270670960000004,22.40503422,1.98e-05,5.724356435643564e-05,4.721688369360982,344,3.084268515,Upregulated,4.242273332072693
GINS2,1.1803422479999999,0.377068891,20.3418517,4.2e-05,0.00010305882352941177,4.7059240006876895,345,2.864368523,Upregulated,3.986914819546212
ISG20,1.28201332,6.805130878,17.79802221,0.000108248,0.00021575710580204777,4.699905563394082,346,2.582680105,Upregulated,3.6660348922069566
SERPINA11,1.54122505,-0.5217440999999999,13.43624853,0.0006229709999999999,0.0009027669081885855,4.692143100017427,347,2.07526352,Upregulated,3.044424368795087
ZNF438,1.25430228,6.306129705,18.33895224,8.809999999999999e-05,0.00018221625441696115,4.6903541073090675,348,2.645522684,Upregulated,3.739412884834322
ZNF385A,1.115686487,6.363581037,22.11457307,2.2e-05,6.267317073170731e-05,4.689139190227831,349,3.051501527,Upregulated,4.202918333121149
CBS,1.895951863,1.6369326419999999,9.807093451,0.0029593709999999997,0.003375532546875,4.68614402137133,350,1.6192543990000001,Upregulated,2.4716577001888416
FCN1,1.198774712,10.10296703,19.46163269,5.7799999999999995e-05,0.00013027692307692306,4.657398602514979,351,2.774879608,Upregulated,3.885132507295481
NCOA7,1.511888104,6.920165817999999,13.53800748,0.000590545,0.0008621957000000001,4.633021057450289,352,2.089109815,Upregulated,3.064394147419186
RPS27A,-1.247151728,7.000490349,18.09047059,9.68e-05,0.00019628888888888887,4.623321512841734,353,2.620792099,Downregulated,3.7071042833384378
GMPR,1.3892880669999998,4.03080558,15.21814368,0.00029754200000000003,0.000499238005730659,4.587001797102063,354,2.287983866,Upregulated,3.3016923603231842
ELAVL4,1.8019219880000001,-2.089604417,10.06555617,0.002507856,0.0029464441767068274,4.560127187189112,355,1.66832559,Upregulated,2.5307017826285114
CCDC97,1.023034797,6.116004697,24.02992757,1.12e-05,3.574207650273224e-05,4.549251821009842,356,3.2537224310000004,Upregulated,4.446820219947848
RORB,1.8033992819999998,-1.8341841140000001,10.005215199999999,0.0026458140000000002,0.003078558326693227,4.52951252036962,357,1.652205289,Upregulated,2.5116526138051443
CDCA5,1.237529949,0.873766307,17.51646184,0.000120855,0.00023370635761589404,4.493878977703355,358,2.551869114,Upregulated,3.6313294731450214
ASGR2,1.195540397,4.550797856,18.46007782,8.41e-05,0.00017688057553956837,4.486049971874631,359,2.659130181,Upregulated,3.752319857306027
CASP5,1.751141474,5.942548621,10.34847954,0.002321605,0.002744569473684211,4.485594014990655,360,1.69249041,Upregulated,2.5615257713841655
KIF23,1.2094094229999999,2.148388775,18.03777214,9.88e-05,0.00019896275862068966,4.476300269250371,361,2.6143401230000003,Upregulated,3.7012282061989286
NCAPG,1.001106054,1.676534322,24.20685707,1.06e-05,3.439111111111111e-05,4.4684907242527965,362,3.273893615,Upregulated,4.463553792726136
PLEKHH1,1.3673860580000001,0.54139885,14.88806441,0.000340829,0.0005483309531680441,4.458987462416855,363,2.253895247,Upregulated,3.2609572375915317
TNK2,1.017179067,6.566815888,23.56751075,1.32e-05,4.144516129032258e-05,4.457813876532911,364,3.2082970680000003,Upregulated,4.382526165899667
TCF7L2,1.10151219,5.947179502999999,20.80174974,3.53e-05,9.0815859030837e-05,4.452134162628164,365,2.908852325,Upregulated,4.0418383046929005
GTSE1,1.100661471,0.42376314200000004,20.84392189,3.4899999999999995e-05,9.058488888888887e-05,4.449912958815811,366,2.9098776039999996,Upregulated,4.042944244039783
ANLN,1.127779567,0.641704701,19.89033679,4.95e-05,0.00011799183673469388,4.4300850937668095,367,2.815508496,Upregulated,3.928148038318564
TBKBP1,1.02454023,4.85207996,22.68839797,1.8e-05,5.282412060301507e-05,4.3821304038942985,368,3.116822295,Upregulated,4.277167724194001
CD38,1.27261539,4.383516102,16.21883202,0.000199868,0.0003602559012345679,4.382109703338273,369,2.401418732,Upregulated,3.4433888964192656
TOMM7,-1.050941375,6.724238193,21.630746399999996,2.62e-05,7.149906542056075e-05,4.356887274656718,370,2.998248665,Downregulated,4.145699634917046
CERCAM,1.466620665,1.2202505590000001,12.93989439,0.0007586730000000001,0.001072796687651332,4.355104510428425,371,2.021577714,Upregulated,2.9694825760745873
CCRL2,1.504909452,3.3798478810000003,12.42661356,0.00094149,0.0012816553846153847,4.352542358446364,372,1.96437347,Upregulated,2.892228733537361
NCAPH2,1.10805455,6.758441662,19.71862483,5.25e-05,0.00012215139442231076,4.335930000317347,373,2.801816132,Upregulated,3.9131015709626817
TIGD3,-1.182828535,1.801408067,17.70870221,0.00011209,0.00022115054054054056,4.323607331755788,374,2.57146143,Downregulated,3.6553119947818877
DSC1,-1.267684523,1.267276523,15.99018901,0.00021902,0.00038877714285714287,4.323183611251873,375,2.376358443,Downregulated,3.410299276211857
CD1E,-1.30605752,-0.70549716,15.33074265,0.000290102,0.0004924987441860464,4.319909156426801,376,2.293281606,Downregulated,3.3075948725648785
TRIM5,1.349388051,6.882328162,14.37678348,0.000418213,0.0006461280211640211,4.304118000239672,377,2.193357828,Upregulated,3.1896814241462943
TFEC,1.661634038,7.322464888,10.52543745,0.0021462770000000003,0.0025737695441478445,4.302685596140682,378,1.715605721,Upregulated,2.5894303425076335
PLSCR4,1.945427669,-0.189910567,8.272261735,0.006008545,0.006232664795737122,4.290302666316966,379,1.418568012,Upregulated,2.205326229641985
SRGAP2,1.17610963,6.796166148999999,17.46851042,0.000122848,0.00023599747368421053,4.265858589932223,380,2.547037406,Upregulated,3.6270926460590434
OPLAH,1.77826433,1.603526241,9.344450291,0.003649286,0.004013527352165725,4.2615638282401545,381,1.561217553,Upregulated,2.3964737729627372
PODN,1.309286307,0.553588881,14.70756815,0.000366571,0.000573934219839142,4.243577445933881,382,2.236681495,Upregulated,3.241137880420742
IGF2BP3,1.362738173,3.165080146,13.82320918,0.0005248680000000001,0.0007799565190839695,4.235294315311298,383,2.126102615,Upregulated,3.1079296076277867
OR52B6,1.605290246,-1.998033255,10.71581853,0.0019060289999999998,0.0023124485643153526,4.2314293766841615,384,1.7504218459999998,Upregulated,2.6359279184732314
TUBG1,1.027294293,2.800293715,21.41777677,2.8199999999999998e-05,7.624444444444443e-05,4.230184011504525,385,2.973609895,Upregulated,4.11779179571917
PLSCR2,1.435002205,-0.356384971,12.68378822,0.0008515710000000001,0.0011840892,4.199699810542268,386,1.992620461,Upregulated,2.9266155800382676
PHLDA3,1.365657541,-2.016495849,13.460813,0.000588297,0.0008610662857142856,4.185690400380099,387,2.0903149659999998,Upregulated,3.0649634148507943
ABCC6,-1.147230224,3.2840726389999997,17.61355325,0.00011619299999999999,0.00022770708724832213,4.178927718803722,388,2.562835106,Downregulated,3.6426234520157843
TRPM4,1.088797924,-0.195111919,19.05964273,6.790000000000001e-05,0.0001474111524163569,4.17169621016302,389,2.725880244,Upregulated,3.8314696586095067
FAM72C,1.528496075,-1.4394542909999999,11.40300201,0.00146908,0.0018732373799126639,4.168831176560579,390,1.828072285,Upregulated,2.7274071845821255
PDGFRB,1.391986023,3.563496186,13.03679139,0.000727841,0.0010367296195121951,4.154151902814646,391,2.033400362,Upregulated,2.984334493432371
LILRA6,1.212614127,6.240343732,16.07020659,0.000211933,0.0003773441219512195,4.151096359774447,392,2.3836841140000002,Upregulated,3.4232624108084853
KIF4A,1.212531726,0.169368415,16.09167006,0.000211288,0.0003773441219512195,4.150814279528533,393,2.384370431,Upregulated,3.4232624108084853
PRSS41,-1.397603289,-0.7276996309999999,12.869467,0.000793159,0.001118852309178744,4.124644893659159,394,2.008380751,Downregulated,2.9512272374590545
GBP4,1.473488211,8.499474397,11.84371409,0.001207622,0.001592179106094808,4.122831919506652,395,1.886068736,Upregulated,2.7980080795547346
SIGLEC5,1.1073896909999998,7.166173729,18.124993600000003,9.549999999999999e-05,0.0001943275261324042,4.110038830359436,396,2.624068074,Upregulated,3.7114656780378463
LAG3,1.55974608,3.815849736,10.77984857,0.001918279,0.0023194098053830226,4.109342134085628,397,1.74855287,Upregulated,2.6346225111754267
IFITM1,1.3784654619999999,9.948485492,12.94647958,0.000755913,0.0010714883300970875,4.0940597282620805,398,2.022750341,Upregulated,2.9700125546287217
CMTR1,1.06487616,7.61913721,19.07988903,6.659999999999999e-05,0.0001455641791044776,4.085871773600705,399,2.7297814239999996,Upregulated,3.8369454844408435
ZNF208,-1.03856895,3.111218301,19.86323536,4.98e-05,0.00011822439024390243,4.078764481391309,400,2.815055977,Downregulated,3.927292917231262
SLC1A3,1.3920850359999999,1.48545725,12.58723532,0.0008799810000000001,0.0012149146666666668,4.0585601998022005,401,1.983029654,Upregulated,2.91545422502638
NCKAP5L,1.018899936,3.973116732,20.19792286,4.4e-05,0.00010662240663900414,4.047224928467236,402,2.8522673,Upregulated,3.9721515189762817
ZNF684,1.441242252,3.469308507,11.86721466,0.001195539,0.0015832081088435375,4.036144151500195,403,1.8893952669999998,Upregulated,2.800461994435197
PLA1A,1.4989520490000001,-2.054451458,11.00324179,0.0016757679999999998,0.0020646593080168776,4.024913495040865,404,1.789876654,Upregulated,2.6851516015645838
PHF11,1.0107445640000001,6.886981479,20.22498882,4.36e-05,0.00010609333333333334,4.017014153953408,405,2.8535292230000002,Upregulated,3.9743119053306204
ENPEP,-1.4076663130000002,-2.253989406,11.94028468,0.001041561,0.001408036166666667,4.013800284747465,406,1.932660483,Downregulated,2.851386189808937
CD200R1L,-1.236246225,-1.423623155,14.69281993,0.00037184,0.0005806271657754011,4.000619683185014,407,2.2314268680000002,Downregulated,3.236102648713863
CACNG6,-1.2140012759999999,0.264915549,15.04421198,0.000320818,0.0005253922464985995,3.9813370221808793,408,2.2681733040000003,Downregulated,3.279516340624406
SLC26A8,1.3135994340000001,5.17732386,13.12253671,0.0007021410000000001,0.001007494702702703,3.9365385993951505,409,2.04272756,Upregulated,2.9967572286538835
CDK1,1.192854826,1.221500587,15.18925823,0.000301303,0.0005027455771428571,3.9348126489977884,410,2.284788073,Upregulated,3.298651741379456
FPR3,1.450237164,3.007498467,11.25962941,0.0015549020000000002,0.001957031827586207,3.9278253968192534,411,1.8105146630000002,Upregulated,2.7084021112696113
STAT1,1.192702212,9.699887867000001,15.02307805,0.000321815,0.0005249719553072626,3.911900924482634,412,2.268200502,Upregulated,3.2798638965571354
ARL8A,1.105317823,5.9317111570000005,16.84548031,0.000156368,0.00029082456050955415,3.908811595464842,413,2.475679828,Upregulated,3.536368919534596
RPS27,-1.007193996,10.15665111,19.30617379,6.12e-05,0.00013641526717557252,3.892942802337949,414,2.7553467019999998,Downregulated,3.8651370220617847
NRN1,1.62392372,-0.114052023,9.269799474,0.003789583,0.004113599390334572,3.874321493082288,415,1.552309826,Upregulated,2.385778005066819
AANAT,1.1944639540000002,1.9815734040000001,14.72313602,0.000363394,0.0005720272129380054,3.8731488817679405,416,2.238519916,Upregulated,3.242583310109616
LAMC3,-1.313037301,-1.152584094,12.83974377,0.000803313,0.0011277278653846153,3.8705656944834996,417,2.0068807580000003,Downregulated,2.9477956883141885
CD274,1.5962990519999998,5.998993583,9.504664012000001,0.003391582,0.0037727312152380957,3.868381944743536,418,1.57933034,Upregulated,2.42334413460739
GCH1,1.3145318940000001,6.755947827000001,12.72143519,0.000831013,0.0011610325167464115,3.858355672287357,419,1.998126293,Upregulated,2.9351556169145003
MYOF,1.244415696,6.35616083,13.72499241,0.000546548,0.0008080608405063291,3.848425151373895,420,2.111849009,Upregulated,3.0925559390998676
SRC,1.02455638,5.105781631,18.33282473,8.83e-05,0.00018221625441696115,3.8312393286112094,421,2.6463271919999998,Upregulated,3.739412884834322
HK3,1.125901311,8.016023228,15.86036646,0.00023028599999999998,0.0004050813975903614,3.819572572291362,422,2.359567446,Upregulated,3.3924577003102554
E2F1,1.13879802,2.112317141,15.50591393,0.000265238,0.00045558527058823525,3.8052142385683707,423,2.318796039,Upregulated,3.341430325430642
MERTK,1.20888532,3.784095202,14.09360213,0.00046959599999999997,0.00071417725,3.8033877263316214,424,2.156349935,Upregulated,3.146193988302895
NFKBIA,1.7011975240000001,9.040609449,8.410449884,0.005611873000000001,0.005862851220035778,3.7968876584895908,425,1.4357660330000002,Upregulated,2.2318911266470844
CCDC68,1.32230588,-0.960079833,12.19339988,0.001054037,0.0014177398804597703,3.7664606225301256,426,1.928595909,Upregulated,2.8484034439369847
COBL,1.371993037,-1.183275222,11.49777695,0.001419846,0.0018223957450549451,3.7583791514133664,427,1.83676517,Upregulated,2.739357307258234
KCNJ10,1.715397969,-0.136624655,8.192138939,0.006236993000000001,0.006446732587610621,3.757854305003402,428,1.4076016759999999,Upregulated,2.190660344079842
CHST8,1.545593224,-2.064140767,9.467855132,0.0033437890000000002,0.0037380924359464627,3.751695655930818,429,1.582836752,Upregulated,2.427349963544365
FMNL2,1.42192476,4.600868059,10.79135145,0.0019085620000000001,0.0023124485643153526,3.748091172852349,430,1.750149842,Upregulated,2.6359279184732314
POLR2J3,-1.005318307,4.123616229,18.2312217,9.18e-05,0.00018810947368421053,3.7454031595167465,431,2.633387517,Downregulated,3.7255893316948683
RNF222,-1.075438863,-1.884703386,16.36812054,0.000180812,0.0003297744299065421,3.7444447741441156,432,2.435751268,Downregulated,3.481783021769147
ESCO2,1.18948842,-0.028274622000000003,14.09299811,0.000472462,0.0007148129740932643,3.7419016802331395,433,2.1551624609999998,Upregulated,3.145807573505541
GALM,1.38612122,5.549750208,11.137267199999998,0.0016400170000000001,0.00204651694017094,3.7272586920805932,434,1.79542721,Upregulated,2.688984656104315
APOBEC3B,1.731545474,1.96882205,7.973871433999999,0.006890088000000001,0.007059318231578949,3.7249651061119162,435,1.379382701,Upregulated,2.1512372398207753
SUCNR1,1.188854357,0.48296787799999996,13.943583199999999,0.00050076,0.0007498560000000001,3.7151961739670605,436,2.139476123,Upregulated,3.125022129154766
IL4,-1.051497585,-0.23130498,16.79166664,0.000161667,0.00029877698734177214,3.7061639662279853,437,2.466075546,Downregulated,3.5246528561717865
PTPRO,1.1190823970000001,4.426148576,15.1753468,0.000302697,0.0005036326153846154,3.6906063407128467,438,2.283346143,Upregulated,3.297886152625137
OR5K2,-1.234985518,-1.66582044,13.022453,0.00072773,0.0010367296195121951,3.685609880256844,439,2.033400362,Downregulated,2.984334493432371
OR52K1,1.0874752159999999,0.663905835,15.82748167,0.00023386200000000002,0.0004101363603603604,3.683356557843642,440,2.355349842,Upregulated,3.387071726923515
CDHR5,1.128128772,-0.023986947999999998,14.873006599999998,0.0003441,0.0005505600000000001,3.6767920419506384,441,2.254366797,Upregulated,3.259195344723145
GBP6,1.5855204880000002,2.636120691,8.859459645,0.004556625999999999,0.0048648438464351,3.6671996389581953,442,1.4960729940000002,Upregulated,2.312931095317511
SORCS3,-1.31318966,0.518534432,11.79772015,0.001234912,0.0016142896644295301,3.6664498691370095,443,1.879680754,Downregulated,2.7920185338171257
XCL1,-1.3236793,1.7483529169999998,11.62446746,0.001327795,0.0017231828444444445,3.658210967843979,444,1.8577509509999999,Downregulated,2.7636686377463024
NEURL3,1.5228193159999999,-1.295109742,9.394697232999999,0.00358953,0.003962732551984878,3.6578199728918306,445,1.5647061519999999,Upregulated,2.4020052375615064
NDC80,1.097120154,3.463255039,15.40795414,0.000275765,0.0004708969590643275,3.6502000644463655,446,2.308185516,Upregulated,3.3270741141141826
PPARGC1A,-1.44590407,-1.941163261,9.975885115,0.002646295,0.0030725911888667993,3.632827063278256,447,1.6524587130000001,Downregulated,2.5124952191871595
PRR36,1.6559483609999999,-1.8736415069999999,8.146342277999999,0.00626444,0.006463662473498233,3.6257342579524017,448,1.406190122,Upregulated,2.1895213300992555
CHMP5,1.139121869,7.171513417999999,14.18735117,0.00045188,0.0006890285117493473,3.6016331577856695,449,2.1706147419999997,Upregulated,3.1617628067727575
ZNF229,-1.061407644,0.5875589720000001,15.80110185,0.000236525,0.00041305884179104475,3.591790812184102,450,2.351663678,Downregulated,3.383988077048465
CCM2L,1.3502237209999999,-1.8980346819999998,10.88078506,0.0018066220000000001,0.0022165278319327734,3.583935023622634,451,1.764754729,Upregulated,2.654326811091948
NPIPB5,1.298739759,5.492515731,11.51753132,0.001390092,0.001792083284768212,3.567172923582413,452,1.8437709709999999,Upregulated,2.746641810926813
OLFML2B,1.141231812,0.43834556399999997,13.94505651,0.000500518,0.0007498560000000001,3.5663746669953915,453,2.139476123,Upregulated,3.125022129154766
BACE2,-1.121599805,2.706333528,14.31221735,0.00042944,0.0006617228496042216,3.565929031168899,454,2.185345409,Downregulated,3.179323868702794
G0S2,1.716028827,5.596685223,7.579551952,0.008308458000000001,0.008409253850953207,3.5611760169083735,455,1.330863547,Upregulated,2.075242537232956
RPS3A,-1.0516867570000001,9.105281561,15.78854354,0.00023694299999999998,0.00041305884179104475,3.558895446477767,456,2.351511321,Downregulated,3.383988077048465
TSPAN6,-1.021692654,-1.266867169,16.54784973,0.000179865,0.0003292826332288401,3.557974348443762,457,2.437367549,Downregulated,3.482431173909333
MAP2K6,1.173163588,5.05369558,13.33193551,0.000643366,0.0009300142178217822,3.5564576320145167,458,2.067878404,Upregulated,3.0315104120112846
WDFY1,1.076216042,7.372569456,15.21137032,0.000298346,0.000499238005730659,3.5533342839286552,459,2.287377026,Upregulated,3.3016923603231842
PPP1R15A,1.417895975,8.727544221,9.938350499,0.002788546,0.003205730047244094,3.5363361419859296,460,1.637914719,Upregulated,2.4940730521404646
TEK,-1.291209291,-0.055730628,11.45366629,0.001437555,0.0018410792105263158,3.5313638318134646,461,1.832721239,Downregulated,2.7349275260237147
MELK,1.228262961,0.30886974100000003,12.28867517,0.001001175,0.0013597353488372093,3.520871801255377,462,1.945524628,Upregulated,2.8665456120152246
MT1F,1.178079378,0.9197626529999999,13.05981403,0.000721698,0.001033018705882353,3.517617571263653,463,2.035087636,Upregulated,2.985891814213263
KLRB1,-1.075127132,5.72470151,14.94845293,0.000331645,0.0005380018888888889,3.5148230365121322,464,2.26117523,Downregulated,3.2692161995518614
CNGB1,1.5433218080000002,-0.000184722,8.616164365,0.005115149,0.005393172534296029,3.5004941339409097,465,1.462922407,Upregulated,2.2681556858690546
COL1A1,1.483191809,-1.9709111769999998,9.037866499,0.004109689000000001,0.004436337109057302,3.48991392910041,466,1.528688526,Upregulated,2.3529754600339827
CDHR4,1.28433198,-1.8884278230000002,11.2357927,0.001550894,0.0019562032311015117,3.47872365646484,467,1.8109846680000001,Upregulated,2.7085860280959757
SPI1,1.220134541,8.220032344,12.15683653,0.001056022,0.0014177398804597703,3.475435428650872,468,1.928245311,Upregulated,2.8484034439369847
PTPRH,1.2646653620000001,-1.3649164759999999,11.54965275,0.001388035,0.001792083284768212,3.473582760100094,469,1.843914628,Upregulated,2.746641810926813
SP2,1.138052203,5.9603301570000005,13.45026531,0.0006124559999999999,0.0008897370746268656,3.471899457150541,470,2.080443973,Upregulated,3.0507383123536216
FOSB,1.656567793,7.865996814,7.663063283,0.007983836,0.008108800389565216,3.46395513408379,471,1.341929406,Upregulated,2.091043390268176
GNAT2,-1.042829708,1.7456411969999999,15.34171494,0.000283311,0.00048237208163265307,3.458667609368415,472,2.298374462,Downregulated,3.3166178359088474
RAB39A,1.1281022109999999,2.521233928,13.55945607,0.000585391,0.0008611293299748111,3.4575561353851327,473,2.09065594,Upregulated,3.0649316184924427
SPHK1,1.0158549159999999,0.896100667,15.91562373,0.000225661,0.000398145087613293,3.453864696923063,474,2.366512964,Upregulated,3.399958638309197
MYBPC3,1.064334597,4.649865807,14.5168499,0.00039501699999999995,0.0006135370425531914,3.4188121798036657,475,2.213101342,Upregulated,3.212159211436087
RPA4,1.221662901,-0.893172515,11.84905193,0.0012207280000000001,0.0016056422342342344,3.4137552139836327,476,1.8821361859999999,Upregulated,2.79435121684491
TMEM132A,1.3983492819999999,-1.785160368,9.576643328,0.003261988,0.0036611374740882917,3.406915765682927,477,1.59062659,Upregulated,2.436383963247122
IL10,1.42016593,0.028587308,9.311959263,0.00371417,0.004061938726591761,3.395995400473905,478,1.557294722,Upregulated,2.3912666321138296
SCAND1,1.149376328,1.497195822,12.81684956,0.000798656,0.0011238918168674698,3.389827433992197,479,2.007398224,Upregulated,2.9492754909010075
CENPA,1.213877892,-1.297141232,11.78656586,0.00125547,0.0016365948214285715,3.381935216353173,480,1.8768853540000001,Upregulated,2.786058827367764
GPD2,1.011136187,6.222767177000001,15.51522523,0.00026418,0.00045510654867256635,3.379102792868563,481,2.31815997,Upregulated,3.3418869152475135
TNFAIP6,1.4409357580000002,6.1693718870000005,9.01447595,0.004242436,0.004562767263351749,3.3729016194373447,482,1.517933091,Upregulated,2.340771683061629
STON1-GTF2A1L,-1.035504556,-1.623306549,14.82811068,0.000347774,0.0005542844250681199,3.3718796501257122,483,2.252420032,Downregulated,3.256267324550248
OR52I1,1.287800916,-2.2441139619999997,10.56232201,0.002002704,0.002416485818181818,3.369937718945855,484,1.7367870980000002,Upregulated,2.61681574929541
PIAS4,1.024896654,4.018560293,15.09530802,0.000312597,0.0005156967457627118,3.3694559884828257,485,2.273846401,Upregulated,3.28760560914352
NUB1,1.007976276,7.804653159,15.527029999999998,0.000262938,0.0004543070769230769,3.36931240089702,486,2.3193987519999997,Upregulated,3.342650497953803
ATP1B2,1.435493956,-1.537369119,9.035435651,0.004214321,0.004540892,3.3631596861797664,487,1.519884293,Upregulated,2.342858827181134
TTK,1.037700913,0.483649137,14.58006874,0.00038602199999999997,0.0006011649279999999,3.342441244819579,488,2.220054198,Upregulated,3.221006364113683
PDE6H,-1.0532230409999999,-2.102372992,14.02929492,0.000447725,0.0006862766404199475,3.3318719153341627,489,2.173225262,Downregulated,3.163500783433927
LRRC71,1.149007988,-1.890181247,12.42802788,0.0009314010000000001,0.0012738599156908667,3.326238323200043,490,1.966948074,Upregulated,2.8948783280347774
FFAR4,1.227698362,-0.369263776,11.28324608,0.001549485,0.0019562032311015117,3.3253266300295152,491,1.8110533469999999,Upregulated,2.7085860280959757
OR52K2,1.315493442,0.927991683,10.11490661,0.0025786529999999998,0.003017902509018036,3.31543127325279,492,1.659580378,Upregulated,2.5202947938776497
NOTCH3,1.253011436,-1.339186233,10.83999897,0.001890365,0.0022999440833333332,3.3057984226961747,493,1.753090367,Upregulated,2.6382827225019634
TSPEAR,-1.1824762690000001,-0.521069636,11.81624929,0.001235595,0.0016142896644295301,3.3014956588469255,494,1.879680754,Downregulated,2.7920185338171257
UBE2S,1.02629112,2.493335421,14.46965617,0.00040273699999999996,0.0006238684562334217,3.289167566224785,495,2.206213399,Upregulated,3.20490697242395
ZNF471,-1.0119940379999999,0.900549765,14.73764283,0.00036178199999999995,0.0005710288864864864,3.28224268791431,496,2.238935049,Downregulated,3.2433419216589403
EVI2B,1.041993434,11.539296400000001,14.06440944,0.000475241,0.0007171595452196382,3.2764277079369992,497,2.153582138,Upregulated,3.1443842168558223
COL8A2,1.003341785,1.471390494,14.920165099999998,0.00033566199999999997,0.0005430099944598338,3.276103747097762,498,2.257635725,Upregulated,3.265192176859017
DEPDC1,1.228404718,-0.969240894,10.89312478,0.001846755,0.0022515760334029227,3.2522179303704313,499,1.7592383480000002,Upregulated,2.647513382776206
C15orf39,1.159737608,8.000661734,11.74812,0.0012583339999999998,0.0016366749576837414,3.2310725385964374,500,1.876284351,Upregulated,2.786037562555648
ARPP21,-1.299850262,-2.255501004,9.687068164,0.002905185,0.0033202114285714283,3.2221133621450138,501,1.625205592,Downregulated,2.478834259868783
RNASE2,1.149674288,6.109426706,11.84343677,0.001207766,0.001592179106094808,3.216797946680337,502,1.886068736,Upregulated,2.7980080795547346
MYO7A,1.011683342,2.575475826,14.20112344,0.00044939800000000005,0.0006870377801047121,3.199974017670184,503,2.17251872,Upregulated,3.1630193804952302
SEMA3B,1.299050379,1.306907665,9.746499676000001,0.003041435,0.0034489282330097087,3.1986723284838123,504,1.6116679919999999,Upregulated,2.462315842551178
RASSF6,-1.010137625,0.229136957,14.09097966,0.000472294,0.0007148129740932643,3.1776985910079,505,2.1551624609999998,Downregulated,3.145807573505541
MEIS2,-1.1766863920000001,-1.6394907459999999,11.11950113,0.001648428,0.0020439107261146497,3.1647428562393167,506,1.7941623230000001,Downregulated,2.6895380772273914
OR52B4,1.238060453,-2.057031579,10.23717211,0.002379009,0.002801091241935484,3.160363174247123,507,1.686448855,Upregulated,2.552672744363254
CYP7A1,1.121247897,-1.725589426,11.97382682,0.001145551,0.0015239220592255126,3.1585970860062123,508,1.900866173,Upregulated,2.817037244357224
PTP4A1,1.091513729,7.981091885,12.43191461,0.000939325,0.0012816553846153847,3.1569073700643124,509,1.964240728,Upregulated,2.892228733537361
PRKD2,1.009987921,7.456141918999999,13.88959429,0.0005106619999999999,0.0007616417755102042,3.149394070326194,510,2.134461426,Upregulated,3.118249243226537
UNC5A,1.067344026,-0.244218829,12.65745405,0.000859682,0.001192528,3.1204137907694927,511,1.9900629719999998,Upregulated,2.923531415136709
DMC1,1.0676884690000001,-1.4136671319999998,12.58720977,0.0008940360000000001,0.0012285106447058824,3.1076365606077823,512,1.978844176,Upregulated,2.9106210761257008
LHFPL4,1.209989158,-1.370303171,10.41089332,0.002283036,0.002711874032520325,3.105716061339764,513,1.6974030759999998,Upregulated,2.5667304874642225
JUNB,1.187797025,5.630741093999999,10.65159675,0.002029828,0.002444164024742268,3.1023710029280105,514,1.731841765,Upregulated,2.6118696525006118
NIM1K,1.011447242,-1.470156615,13.51709866,0.00060653,0.0008833254862842893,3.0888377335197745,515,2.082888868,Upregulated,3.053879238834065
CCNA1,1.4938139590000001,0.857085655,7.49459132,0.008658785,0.008703494733218589,3.077714354302491,516,1.3189476070000001,Upregulated,2.0603063291514543
CDH2,-1.287449241,0.43488545100000003,9.298913462,0.003731897,0.004073696912149533,3.0770182163418025,517,1.555958166,Downregulated,2.3900112861550884
RMI2,1.134772845,1.154714854,11.29591124,0.00153148,0.0019443137391304348,3.076634328093466,518,1.814823267,Upregulated,2.7112336549553806
SMIM22,1.3510749990000002,-2.26818274,8.556843365,0.00502008,0.005330412218181818,3.071316655628247,519,1.468534188,Upregulated,2.273239204264372
UBALD1,1.309987048,1.5095090969999998,8.987893223,0.004295861,0.004611733132352941,3.06030768230805,520,1.514830634,Upregulated,2.3361358320147683
NXF3,1.412367271,-1.4882245669999998,8.040168583,0.006703665,0.006880387275922671,3.0540847898288237,521,1.386483502,Upregulated,2.162387115970506
UPK3A,1.092743764,1.0872015320000001,11.80631857,0.001228151,0.0016117756943820226,3.0517004805730803,522,1.8805558980000001,Upregulated,2.792695397686187
VAMP5,1.2228682990000002,3.835675593,9.944561347999999,0.0027808240000000003,0.0032031582169625254,3.0503491102829563,523,1.6385789430000002,Upregulated,2.494421609242285
NTSR1,1.0845163,0.792165317,11.92537509,0.0011674460000000002,0.0015495192363636366,3.0472771835278656,524,1.896215235,Upregulated,2.8098030278824444
ELOVL4,-1.040147186,0.36951290700000006,12.67756,0.000849253,0.001183684372315036,3.0442654283018755,525,1.993022386,Downregulated,2.9267640861568176
TXNDC2,1.4673815909999999,-0.880341301,7.530420368,0.00855525,0.008614251724137932,3.0298237440941147,526,1.322742012,Upregulated,2.064782441511572
SASH1,1.01758436,3.853855497,12.97221107,0.000747809,0.001062580184914842,3.0259278132613425,527,2.02496156,Upregulated,2.973638287110999
ATN1,1.237144773,5.611296622,9.61630781,0.0032242440000000002,0.0036314942890173416,3.0185276366191762,528,1.5935048180000002,Upregulated,2.439914634484881
SCARF1,1.1211348890000001,4.787145638999999,11.05650618,0.0016989379999999999,0.002088799562105263,3.004757239775112,529,1.784861645,Upregulated,2.6801032322303473
TAS1R1,1.317727919,-0.5730339870000001,8.665766453,0.005012773,0.005330412218181818,2.9955107660245064,530,1.468914524,Upregulated,2.273239204264372
CYP7B1,-1.168674672,-1.8242139119999998,10.13569904,0.00251255,0.0029464441767068274,2.957567075743191,531,1.6677932480000002,Downregulated,2.5307017826285114
ESM1,-1.0278359129999999,-0.6533360810000001,12.07258979,0.001108176,0.0014809491624713958,2.908220447747708,532,1.911670634,Downregulated,2.829459849538949
ZNF358,1.079271334,1.6330375609999999,11.15804497,0.001625731,0.002033034055674518,2.9052423106070115,533,1.797964881,Upregulated,2.69185534636558
CDC20,1.016343768,0.052007415,12.11662356,0.001078538,0.001444647229357798,2.886658385061153,534,1.92054157,Upregulated,2.8402381910026655
TNS1,1.01309282,4.276962978999999,12.17192451,0.001049251,0.0014151560831408775,2.8864996633359445,535,1.929941724,Upregulated,2.8491956574481936
SCGB1A1,-1.1484666609999998,-1.800319522,9.987522007,0.002694385,0.0031158828514851484,2.8785385209810124,536,1.64658013,Downregulated,2.506418878955175
TUBB2A,1.126045432,1.1232972190000001,10.30361798,0.002369844,0.0027959371636363636,2.8753261493372526,537,1.686991907,Upregulated,2.553472593224154
NEK2,1.04790058,-0.564725834,11.44354346,0.001448031,0.0018504378643326039,2.863624629572143,538,1.831569125,Upregulated,2.7327254934548684
HSPB9,1.1905010440000001,-2.091875749,9.228818842999999,0.003755145,0.004086460067039106,2.8436935815066833,539,1.5547464880000001,Upregulated,2.3886527406578932
CACNG8,-1.170088206,2.8036071010000003,9.514444913,0.0033767640000000004,0.0037634163664122143,2.8367825931734667,540,1.580384084,Downregulated,2.424417730754793
KIF7,1.123049846,-2.198761731,9.913991295,0.0027220079999999997,0.0031416060711462446,2.81082336695181,541,1.644607827,Upregulated,2.502848272463776
SERPINE1,1.14200845,1.2633538229999999,9.717590414,0.00308133,0.0034806512959381043,2.8074444633616653,542,1.608106461,Upregulated,2.458339483706679
PDE9A,1.147211682,2.2142623809999997,9.588016193,0.003266186,0.0036611374740882917,2.7950481444745567,543,1.5903252780000001,Upregulated,2.436383963247122
GBP5,1.244099879,10.28359247,8.465535013,0.005469498000000001,0.005734626269299822,2.788643509234154,544,1.444140433,Upregulated,2.241494880198565
RPL39,-1.124347848,8.283079954,9.853866815,0.0028964790000000004,0.003316752423529412,2.7875809410200723,545,1.625452233,Downregulated,2.4792869448530954
TCN1,1.075931788,4.064142629,10.49978008,0.002170829,0.0025978773278688525,2.7816939895688253,546,1.712713774,Upregulated,2.5853813602250644
CD207,-1.050111279,-2.302997655,10.68662224,0.001844208,0.0022515760334029227,2.780183664556738,547,1.75943363,Downregulated,2.647513382776206
KCTD19,1.156472515,0.127127395,9.374991713,0.0036061820000000003,0.003973604316981133,2.7764770019340697,548,1.563718456,Upregulated,2.400815381188778
GOLGA6A,1.355072227,-2.027048026,7.389222257,0.008957425,0.008957425,2.7749396980461,549,1.310695442,Upregulated,2.0478168194691366
KLF5,1.114329686,3.8361768019999998,9.891047197,0.002848489,0.0032682074184675835,2.7698785901571163,550,1.631394814,Upregulated,2.4856903885419026
TNNT1,1.21872803,2.216566776,8.609298793999999,0.0051161259999999995,0.005393172534296029,2.764264910772492,551,1.462992922,Upregulated,2.2681556858690546
CD2AP,1.019579752,6.244971457,11.10530638,0.001663072,0.002053348938689218,2.7401585546126017,552,1.791691801,Upregulated,2.687537241924947
ZSCAN23,-1.10779698,-0.35344724,9.791733207,0.0029976679999999998,0.0034125499259259253,2.7328476183396946,553,1.6161189619999998,Downregulated,2.4669209861356496
TLR7,1.2064618409999999,5.805850447,8.515191885,0.005344425999999999,0.005613569755395682,2.7154571105323497,554,1.451429536,Upregulated,2.2507608763502946
INSL3,1.00268464,1.074243153,11.27082452,0.0015483679999999998,0.0019586563636363637,2.715311869304138,555,1.8110533469999999,Upregulated,2.708041752094794
KIR2DL1,1.080049828,2.130300475,10.05531046,0.0026464270000000002,0.0030725911888667993,2.7136200293339137,556,1.652718945,Upregulated,2.5124952191871595
JUN,1.236944754,4.34610091,8.082206892,0.006545756,0.006730143492957746,2.6866139183829816,557,1.39321515,Upregulated,2.1719756761125173
FGFR2,-1.2103771429999999,0.858355317,8.236229129,0.006093484000000001,0.006309564992907801,2.6628304187405645,558,1.414453889,Downregulated,2.2000005817530255
ADAMDEC1,1.112133069,-0.08228641,9.314996314,0.0037093079999999997,0.004061938726591761,2.6594066983700473,559,1.55713109,Upregulated,2.3912666321138296
PXT1,1.1944497729999999,-0.9885488929999999,8.317595791,0.005907966999999999,0.006150183115864527,2.641062170727962,560,1.422734929,Upregulated,2.211111953326113
EPB41L5,1.088441142,4.375394839,9.458962082000001,0.0034627190000000004,0.003829977075757576,2.6305487157992724,561,1.57486298,Upregulated,2.4168038254835396
RGPD4,1.150330099,0.670076814,8.64137355,0.005044596,0.005346722439201452,2.613449170632228,562,1.4672726919999999,Upregulated,2.271912360551237
ITGA7,1.158531125,1.9316589769999999,8.453764377999999,0.005500362,0.005756651268817205,2.594912860999161,563,1.442555732,Upregulated,2.2398300787984105
OLIG2,-1.100460933,0.518419843,9.089412036,0.0041052,0.004436337109057302,2.5893575700751006,564,1.528697924,Downregulated,2.3529754600339827
LYPD8,-1.004242872,-0.636078774,10.44296484,0.002248202,0.002679489730612245,2.5828603488337065,565,1.700992419,Downregulated,2.571947903090226
CENPM,1.0810741879999999,-1.64139092,9.219940436,0.0038848790000000004,0.004209219547309834,2.5684143493066154,566,1.5433362640000001,Upregulated,2.3757984214369343
CD7,1.05236874,3.8001175139999996,9.496888233,0.003403625,0.0037717590132827325,2.550369403636151,567,1.58000757,Upregulated,2.423456063162947
FUT7,1.028301627,2.637405546,9.750079093,0.003035338,0.0034487108793774318,2.532031532083976,568,1.612013471,Upregulated,2.462343212925769
CR1L,1.040715326,-0.993768421,9.521194137,0.003401097,0.0037717590132827325,2.522127866821303,569,1.579356328,Upregulated,2.423456063162947
HEY1,-1.185179167,0.326463445,7.813774903,0.007444214,0.007600386321678323,2.51158941810342,570,1.3603999530000002,Downregulated,2.119164332310121
KEL,1.111604354,0.009642138,8.550022652000001,0.005271871,0.005547338133333333,2.507685337831237,571,1.455367237,Upregulated,2.2559153612592246
SAPCD2,1.134699726,-0.259758266,7.8660573760000005,0.007273155999999999,0.007438744490367776,2.4152087734612557,572,1.365261654,Upregulated,2.128500358394601
SKA1,1.008023092,0.204763611,9.339713382000001,0.003663195,0.004021251654135339,2.4148591775131116,573,1.560358757,Upregulated,2.395638747443607
NAIP,1.031607523,8.462975587999999,8.872048956,0.0045299120000000005,0.004845180600732601,2.3878516486573207,574,1.4975170230000001,Upregulated,2.314690030287149
DISC1,1.120256257,0.430171974,7.741704862000001,0.007699056,0.007833185895470385,2.35932864778177,575,1.353311511,Upregulated,2.1060615667525524
TARM1,1.0388058279999999,-0.709576267,8.645249286,0.0050651590000000005,0.005358791405797102,2.359058588936417,576,1.4663891880000002,Upregulated,2.270933147803265
RDH12,1.126526008,-0.927492002,7.615108687999999,0.008223586,0.008337802472222221,2.3419894394081595,577,1.334034886,Upregulated,2.0789483977969194
ZNF366,1.055050949,2.68943573,8.323431051,0.00584512,0.006095625142857143,2.3369185955215075,578,1.425283589,Upregulated,2.214981748262005
CXCL6,-1.006085287,0.8995405559999999,8.292583641,0.00593399,0.0061662814234875445,2.2234250005805825,579,1.4219418209999999,Downregulated,2.209976658351214
MUC19,1.0136613559999998,-2.018967125,8.073695713,0.006499246,0.006694108754850088,2.2040112214270846,580,1.3961099959999999,Upregulated,2.1743072362197116
C1orf226,1.0725421640000001,0.11574960000000001,7.435962021,0.008914647,0.008929937989708404,2.197801445180987,581,1.311344118,Upregulated,2.0491515568808785
ALDH1A2,1.056490305,0.00703003,7.540740661,0.008481434,0.008554676089810016,2.184606880724888,582,1.325391304,Upregulated,2.0677964297314473
PYCR1,1.028397168,-1.686592351,7.75475587,0.007672423,0.00781971209773124,2.166636652110637,583,1.354286457,Upregulated,2.106809236283931
ADGRG1,1.0118905120000001,7.085477637,7.4581280229999996,0.008805659,0.008835918996563575,2.078168392683509,584,1.3140174340000002,Upregulated,2.0537482741843407
